check_time,train_id,category,line,train_no,planned_arr,actual_arr,delay_min,cancelled,platform,origin,source
2026-05-07 15:20,-1151538930163409874-2605070813-7,RB,RB81,,,2026-05-07 08:49,,0,,,legacy
2026-05-07 15:20,-1275104846797668518-2605070735-9,RB,RB81,,,2026-05-07 08:21,,0,,,legacy
2026-05-07 15:20,-1656742390364091013-2605070736-6,RE,RE3,,,2026-05-07 08:21,,0,,,legacy
2026-05-07 15:20,-1822966271854478829-2605070400-14,,,,,2026-05-07 08:46,,0,,,legacy
2026-05-07 15:20,-2275836909676922659-2605070726-11,RE,RE4,,,2026-05-07 08:52,,0,,,legacy
2026-05-07 15:20,-4798161523146217616-2605070728-10,RB,RB41,,,2026-05-07 08:31,,0,,,legacy
2026-05-07 15:20,-5138192615591901711-2605070617-11,RE,RE7,,,2026-05-07 08:44,,0,,,legacy
2026-05-07 15:20,-5591597380485360579-2605062059-14,,,,,2026-05-07 08:04,,0,,,legacy
2026-05-07 15:20,-6468886972191162920-2605070702-11,RB,RB61,,,2026-05-07 08:29,,0,,,legacy
2026-05-07 15:20,-8657950163252962648-2605070705-8,RE,RE7,,,2026-05-07 08:44,,0,,,legacy
2026-05-07 15:20,-9071384910044894170-2605070634-8,RE,RE8X,,,2026-05-07 07:46,,0,,,legacy
2026-05-07 15:20,1003446772902483359-2605062059-14,,,,,2026-05-07 08:04,,0,,,legacy
2026-05-07 15:20,1240458014970414586-2605070809-5,RE,RE8,,,2026-05-07 08:56,,0,,,legacy
2026-05-07 15:20,1501460796885002383-2605070653-9,RB,RB71,,,2026-05-07 07:59,,0,,,legacy
2026-05-07 15:20,215763580467417321-2605070739-7,RB,RB31,,,2026-05-07 08:11,,0,,,legacy
2026-05-07 15:20,2933035166403061553-2605070734-8,RE,RE8X,,,2026-05-07 08:45,,0,,,legacy
2026-05-07 15:20,3119815850397800818-2605070531-8,,,,,2026-05-07 08:19,,0,,,legacy
2026-05-07 15:20,3199642534134629506-2605070741-5,RB,RB81,,,2026-05-07 08:04,,0,,,legacy
2026-05-07 15:20,5819505621821229464-2605070811-5,RB,RB81,,,2026-05-07 08:36,,0,,,legacy
2026-05-07 15:20,6533056364528985396-2605070737-6,RE,RE80,,,2026-05-07 08:29,,0,,,legacy
2026-05-07 15:20,6885212790092918782-2605070631-3,,,,,2026-05-07 08:48,,0,,,legacy
2026-05-07 15:20,7320984570293106503-2605070637-8,RE,RE70,,2026-05-07 07:51,2026-05-07 08:27,36.0,0,,,legacy
2026-05-07 15:20,6633447853206846937-2605070531-8,,,,2026-05-07 08:15,2026-05-07 08:19,4.0,0,,,legacy
2026-05-07 15:50,-189137113212938156-2605070835-9,RB,RB41,,,2026-05-07 09:25,,0,,,legacy
2026-05-07 15:50,-4780306928560468597-2605061625-12,,,,,2026-05-07 05:00,,0,,,legacy
2026-05-07 15:50,-5358270556532704414-2605070836-6,RE,RE3,,,2026-05-07 09:21,,0,,,legacy
2026-05-07 15:50,-6531275544337293034-2605070753-9,RB,RB71,,,2026-05-07 09:00,,0,,,legacy
2026-05-07 15:50,-7240898703310175045-2605070837-6,RE,RE80,,,2026-05-07 09:41,,0,,,legacy
2026-05-07 15:50,-7763829618738350329-2605070835-9,RB,RB81,,,2026-05-07 09:35,,0,,,legacy
2026-05-07 15:50,-8237034450104717281-2605062155-3,,,,,2026-05-07 05:00,,0,,,legacy
2026-05-07 15:50,-8677182982400525824-2605062046-14,,,,,2026-05-07 09:09,,0,,,legacy
2026-05-07 15:50,1007082014350364628-2605070822-11,RE,RE4,,,2026-05-07 09:44,,0,,,legacy
2026-05-07 15:50,1179810196779242077-2605070511-11,,,,,2026-05-07 09:31,,0,,,legacy
2026-05-07 15:50,1238858681729946627-2605070833-7,RE,RE3,,,2026-05-07 09:36,,0,,,legacy
2026-05-07 15:50,1595410400684371270-2605061936-13,,,,,2026-05-07 09:09,,0,,,legacy
2026-05-07 15:50,4145929616069539768-2605070839-7,RB,RB31,,,2026-05-07 09:10,,0,,,legacy
2026-05-07 15:50,4529325751578925480-2605070802-11,RB,RB61,,,2026-05-07 09:01,,0,,,legacy
2026-05-07 15:50,5305980712996650155-2605070717-11,RE,RE7,,,2026-05-07 09:30,,0,,,legacy
2026-05-07 15:50,559445237220436541-2605070626-7,,,,,2026-05-07 09:19,,0,,,legacy
2026-05-07 15:50,6220447137645637542-2605070737-8,RE,RE70,,,2026-05-07 08:54,,0,,,legacy
2026-05-07 15:50,6992012378128167215-2605061855-2,,,,,2026-05-06 19:05,,0,,,legacy
2026-05-07 15:50,8271773676598261993-2605070635-2,,,,,2026-05-07 06:45,,0,,,legacy
2026-05-07 15:50,8692278081732729076-2605070853-9,RB,RB71,,,2026-05-07 09:53,,0,,,legacy
2026-05-07 15:50,9052379201596750574-2605070805-8,RE,RE7,,,2026-05-07 09:30,,0,,,legacy
2026-05-07 17:20,-3890685727423428970-2605070525-11,,,,,2026-05-07 10:29,,0,,,legacy
2026-05-07 17:20,-4229753936075266247-2605070937-6,RE,RE80,,,2026-05-07 10:31,,0,,,legacy
2026-05-07 17:20,-4976880781789089102-2605070916-7,RB,RB81,,,2026-05-07 10:04,,0,,,legacy
2026-05-07 17:20,-521217330813819261-2605062113-3,,,,,2026-05-06 21:29,,0,,,legacy
2026-05-07 17:20,-5911459987342849242-2605070935-9,RB,RB41,,,2026-05-07 10:26,,0,,,legacy
2026-05-07 17:20,-6051409117345262240-2605070837-8,RE,RE70,,,2026-05-07 10:00,,0,,,legacy
2026-05-07 17:20,-8882657082382035783-2605070922-11,RE,RE4,,,2026-05-07 10:46,,0,,,legacy
2026-05-07 17:20,1663072533275665667-2605070441-8,,,,,2026-05-07 09:19,,0,,,legacy
2026-05-07 17:20,1676136864232676735-2605070902-11,RB,RB61,,,2026-05-07 10:09,,0,,,legacy
2026-05-07 17:20,2175070727568941335-2605070817-11,RE,RE7,,,2026-05-07 10:22,,0,,,legacy
2026-05-07 17:20,2686007473625185344-2605070001-22,,,,,2026-05-07 10:33,,0,,,legacy
2026-05-07 17:20,3015266741368553947-2605070546-6,,,,,2026-05-07 10:13,,0,,,legacy
2026-05-07 17:20,3278957848508532209-2605070909-5,RE,RE8,,,2026-05-07 10:09,,0,,,legacy
2026-05-07 17:20,5028473175569704025-2605070403-10,,,,,2026-05-07 10:45,,0,,,legacy
2026-05-07 17:20,5489382238418385337-2605062113-3,,,,,2026-05-06 21:29,,0,,,legacy
2026-05-07 17:20,7304792284721401629-2605070936-6,RE,RE3,,,2026-05-07 10:30,,0,,,legacy
2026-05-07 17:20,8319768709472249445-2605070905-8,RE,RE7,,,2026-05-07 10:22,,0,,,legacy
2026-05-07 17:20,8378953793614070939-2605070939-7,RB,RB31,,,2026-05-07 10:17,,0,,,legacy
2026-05-07 17:20,8048568335527513663-2605061729-11,,,,2026-05-07 05:49,2026-05-07 07:05,76.0,0,,,legacy
2026-05-07 17:20,-7710953731981168069-2605070546-6,,,,2026-05-07 10:14,2026-05-07 10:13,-1.0,0,,,legacy
2026-05-07 17:20,4513614119887923845-2605070546-6,,,,2026-05-07 10:14,2026-05-07 10:13,-1.0,0,,,legacy
2026-05-07 17:20,1918121920534945268-2605070935-9,RB,RB81,,2026-05-07 10:18,2026-05-07 10:50,32.0,0,,,legacy
2026-05-07 17:20,4715876372234362597-2605070403-10,,,,2026-05-07 10:36,2026-05-07 10:45,9.0,0,,,legacy
2026-05-07 18:20,-1494893474156392079-2605071036-6,RE,RE3,,,2026-05-07 11:43,,0,,,legacy
2026-05-07 18:20,-1592057700459732081-2605070436-2,,,,,2026-05-07 04:46,,0,,,legacy
2026-05-07 18:20,-3171428142048177713-2605070511-9,,,,,2026-05-07 11:56,,0,,,legacy
2026-05-07 18:20,-3802404608067192675-2605061855-2,,,,,2026-05-06 19:05,,0,,,legacy
2026-05-07 18:20,-4022866577318711827-2605071005-8,RE,RE7,,,2026-05-07 11:29,,0,,,legacy
2026-05-07 18:20,-4753707028515324396-2605070854-5,,,,,2026-05-07 11:40,,0,,,legacy
2026-05-07 18:20,-537957746364217611-2605071037-8,RE,RE70,,,2026-05-07 11:55,,0,,,legacy
2026-05-07 18:20,-5486357965950019401-2605071037-6,RE,RE80,,,2026-05-07 11:51,,0,,,legacy
2026-05-07 18:20,-683754151173195972-2605071016-7,RB,RB81,,,2026-05-07 11:07,,0,,,legacy
2026-05-07 18:20,-7935312781145201778-2605071035-9,RB,RB81,,,2026-05-07 11:26,,0,,,legacy
2026-05-07 18:20,-8011164337776733770-2605071022-11,RE,RE4,,,2026-05-07 11:49,,0,,,legacy
2026-05-07 18:20,-8127562561253495763-2605070827-5,,,,,2026-05-07 11:15,,0,,,legacy
2026-05-07 18:20,-8258926274084365972-2605070953-9,RB,RB71,,,2026-05-07 11:03,,0,,,legacy
2026-05-07 18:20,-8358263950299958833-2605071009-5,RE,RE8,,,2026-05-07 11:09,,0,,,legacy
2026-05-07 18:20,1029958765483496065-2605070917-11,RE,RE7,,,2026-05-07 11:29,,0,,,legacy
2026-05-07 18:20,356937165382539921-2605071053-9,RB,RB71,,,2026-05-07 11:45,,0,,,legacy
2026-05-07 18:20,5612767102241120411-2605070837-2,,,,,2026-05-07 08:56,,0,,,legacy
2026-05-07 18:20,6813734917929463684-2605071002-11,RB,RB61,,,2026-05-07 11:09,,0,,,legacy
2026-05-07 18:20,7911763598988154921-2605070506-2,,,,,2026-05-07 05:10,,0,,,legacy
2026-05-07 18:20,8211754819747923131-2605071035-9,RB,RB41,,,2026-05-07 11:29,,0,,,legacy
2026-05-07 18:20,8446345422101400263-2605071039-7,RB,RB31,,,2026-05-07 11:12,,0,,,legacy
2026-05-07 18:20,856699154830603595-2605070937-8,RE,RE70,,,2026-05-07 11:12,,0,,,legacy
2026-05-07 18:20,8348866855352050821-2605061834-2,,,,2026-05-06 21:47,2026-05-06 22:37,50.0,0,,,legacy
2026-05-07 18:20,-2498977610481013810-2605070506-2,,,,2026-05-07 05:10,2026-05-07 05:10,0.0,0,,,legacy
2026-05-07 18:20,6953602957846398225-2605070746-5,,10,,2026-05-07 10:34,2026-05-07 11:09,35.0,0,,,legacy
2026-05-07 18:20,2911935419142664450-2605070827-5,,,,2026-05-07 11:12,2026-05-07 11:15,3.0,0,,,legacy
2026-05-07 19:25,-3212205364154915817-2605070609-10,,,,,2026-05-07 12:47,,0,,,legacy
2026-05-07 19:25,-4212522544061880680-2605071102-11,RB,RB61,,,2026-05-07 12:05,,0,,,legacy
2026-05-07 19:25,-4832530349883608553-2605071153-9,RB,RB71,,,2026-05-07 12:53,,0,,,legacy
2026-05-07 19:25,-7866109702434619455-2605071105-8,RE,RE7,,,2026-05-07 12:25,,0,,,legacy
2026-05-07 19:25,1404410154918675686-2605071135-9,RB,RB81,,,2026-05-07 12:46,,0,,,legacy
2026-05-07 19:25,1481156860021844134-2605071216-7,RB,RB81,,,2026-05-07 12:51,,0,,,legacy
2026-05-07 19:25,1868509910897110613-2605070537-15,,,,,2026-05-07 12:20,,0,,,legacy
2026-05-07 19:25,2841218850592143799-2605071017-11,RE,RE7,,,2026-05-07 12:25,,0,,,legacy
2026-05-07 19:25,2897765782443439104-2605070606-2,,,,,2026-05-07 06:10,,0,,,legacy
2026-05-07 19:25,3659451569801342679-2605071136-6,RE,RE3,,,2026-05-07 12:25,,0,,,legacy
2026-05-07 19:25,4783774491216229086-2605071139-7,RB,RB31,,,2026-05-07 12:14,,0,,,legacy
2026-05-07 19:25,5368624065780683257-2605071137-8,RE,RE70,,,2026-05-07 12:57,,0,,,legacy
2026-05-07 19:25,546102445726443994-2605070502-10,,,,,2026-05-07 11:33,,0,,,legacy
2026-05-07 19:25,6135728412348303878-2605070711-11,,,,,2026-05-07 11:35,,0,,,legacy
2026-05-07 19:25,63634424795789903-2605071122-11,RE,RE4,,,2026-05-07 12:44,,0,,,legacy
2026-05-07 19:25,7593351993479588000-2605071135-9,RB,RB41,,,2026-05-07 12:27,,0,,,legacy
2026-05-07 19:25,8082687733656221962-2605071137-6,RE,RE80,,,2026-05-07 12:42,,0,,,legacy
2026-05-07 19:25,8189707621727874292-2605070446-13,,,,,2026-05-07 12:16,,0,,,legacy
2026-05-07 19:25,8518232099080018263-2605070402-3,,,,,2026-05-07 04:15,,0,,,legacy
2026-05-07 19:25,937531600424895578-2605070549-14,,,,,2026-05-07 12:33,,0,,,legacy
2026-05-07 19:25,94218488848062299-2605070845-5,,10,,,2026-05-07 12:43,,0,,,legacy
2026-05-07 19:25,-4221674867531744929-2605071109-5,RE,RE8,,2026-05-07 11:53,2026-05-07 12:29,36.0,0,,,legacy
2026-05-07 19:25,6502330181101299715-2605070537-15,,,,2026-05-07 12:11,2026-05-07 12:20,9.0,0,,,legacy
2026-05-07 19:25,-8635210938453609602-2605070609-10,,,,2026-05-07 12:36,2026-05-07 12:47,11.0,0,,,legacy
2026-05-07 20:25,-2053455840597925551-2605071117-11,RE,RE7,,,2026-05-07 13:28,,0,,,legacy
2026-05-07 20:25,-2125895193974483860-2605071205-8,RE,RE7,,,2026-05-07 13:28,,0,,,legacy
2026-05-07 20:25,-2555244711354141738-2605071239-7,RB,RB31,,,2026-05-07 13:11,,0,,,legacy
2026-05-07 20:25,-2582688816215853638-2605071309-5,RE,RE8,,,2026-05-07 13:56,,0,,,legacy
2026-05-07 20:25,-2600806661377466654-2605071237-6,RE,RE80,,,2026-05-07 13:27,,0,,,legacy
2026-05-07 20:25,-3783829201967449571-2605070534-2,,,,,2026-05-07 05:47,,0,,,legacy
2026-05-07 20:25,-4664738022341087196-2605070659-14,,,,,2026-05-07 13:30,,0,,,legacy
2026-05-07 20:25,-6830790016000204290-2605071316-7,RB,RB81,,,2026-05-07 13:48,,0,,,legacy
2026-05-07 20:25,-7826121091385121434-2605070705-2,,,,,2026-05-07 07:13,,0,,,legacy
2026-05-07 20:25,-8636832709416990866-2605070901-10,,20,,,2026-05-07 13:16,,0,,,legacy
2026-05-07 20:25,1368141755022019604-2605071222-11,RE,RE4,,,2026-05-07 13:49,,0,,,legacy
2026-05-07 20:25,1656507496924634446-2605071202-11,RB,RB61,,,2026-05-07 13:22,,0,,,legacy
2026-05-07 20:25,1671051126202486422-2605071253-9,RB,RB71,,,2026-05-07 13:45,,0,,,legacy
2026-05-07 20:25,1966986577936928288-2605062112-2,,,,,2026-05-07 00:24,,0,,,legacy
2026-05-07 20:25,2156258708694514019-2605071236-6,RE,RE3,,,2026-05-07 13:22,,0,,,legacy
2026-05-07 20:25,2492357795736612436-2605071209-5,RE,RE8,,,2026-05-07 13:07,,0,,,legacy
2026-05-07 20:25,3001632221308738736-2605071235-9,RB,RB41,,,2026-05-07 13:33,,0,,,legacy
2026-05-07 20:25,3730194782886715569-2605071235-9,RB,RB81,,,2026-05-07 13:25,,0,,,legacy
2026-05-07 20:25,3781479141283747659-2605071038-2,,,,,2026-05-07 10:59,,0,,,legacy
2026-05-07 20:25,496656278151264987-2605071237-8,RE,RE70,,,2026-05-07 13:55,,0,,,legacy
2026-05-07 20:25,6330890959881575446-2605070953-6,,,,,2026-05-07 13:24,,0,,,legacy
2026-05-07 20:25,905656435207540610-2605070534-2,,,,2026-05-07 05:45,2026-05-07 05:47,2.0,0,,,legacy
2026-05-07 21:25,-1170383355919601488-2605071305-8,RE,RE7,,,2026-05-07 14:34,,0,,,legacy
2026-05-07 21:25,-1418573917290258550-2605071416-7,RB,RB81,,,2026-05-07 14:49,,0,,,legacy
2026-05-07 21:25,-2019839073025463546-2605071353-9,RB,RB71,,,2026-05-07 14:46,,0,,,legacy
2026-05-07 21:25,-3692955521338963828-2605071055-6,,,,,2026-05-07 14:22,,0,,,legacy
2026-05-07 21:25,-4211027881444132736-2605071337-8,RE,RE70,,,2026-05-07 14:53,,0,,,legacy
2026-05-07 21:25,-691048836761689376-2605071336-6,RE,RE3,,,2026-05-07 14:24,,0,,,legacy
2026-05-07 21:25,-7464145250026418942-2605071322-11,RE,RE4,,,2026-05-07 14:50,,0,,,legacy
2026-05-07 21:25,-7614266119749148509-2605071222-11,RE,RE7,,,2026-05-07 14:34,,0,,,legacy
2026-05-07 21:25,-8003392339101483857-2605070712-9,,,,,2026-05-07 13:42,,0,,,legacy
2026-05-07 21:25,-9020387200604849828-2605071335-9,RB,RB81,,,2026-05-07 14:18,,0,,,legacy
2026-05-07 21:25,-918071176924858384-2605071336-9,RB,RB41,,,2026-05-07 14:31,,0,,,legacy
2026-05-07 21:25,2281931774585630079-2605071339-7,RB,RB31,,,2026-05-07 14:12,,0,,,legacy
2026-05-07 21:25,428699380039786739-2605070723-8,,,,,2026-05-07 13:38,,0,,,legacy
2026-05-07 21:25,5998728119233124715-2605071337-6,RE,RE80,,,2026-05-07 14:25,,0,,,legacy
2026-05-07 21:25,6512354943507599026-2605070503-3,,,,,2026-05-07 05:16,,0,,,legacy
2026-05-07 21:25,6578135918072112140-2605071306-11,RB,RB61,,,2026-05-07 14:06,,0,,,legacy
2026-05-07 21:25,6606937437181211182-2605071409-5,RE,RE8,,,2026-05-07 14:55,,0,,,legacy
2026-05-07 21:25,67517114520381301-2605070533-18,,,,,2026-05-07 14:24,,0,,,legacy
2026-05-07 21:25,7077598883490130568-2605070646-12,,,,,2026-05-07 14:11,,0,,,legacy
2026-05-07 21:25,9043821334869580448-2605070805-2,,,,,2026-05-07 08:09,,0,,,legacy
2026-05-07 22:25,-1872892276374220322-2605071437-8,RE,RE70,,,2026-05-07 15:56,,0,,,legacy
2026-05-07 22:25,-3422739654119885417-2605071516-7,RB,RB81,,,2026-05-07 15:48,,0,,,legacy
2026-05-07 22:25,-4151394777712103696-2605070805-10,,,,,2026-05-07 14:53,,0,,,legacy
2026-05-07 22:25,-4826673439027047350-2605071405-8,RE,RE7,,,2026-05-07 15:22,,0,,,legacy
2026-05-07 22:25,-508151058757607646-2605070716-19,,,,,2026-05-07 15:31,,0,,,legacy
2026-05-07 22:25,-7164789677954901307-2605071230-6,,,,,2026-05-07 15:09,,0,,,legacy
2026-05-07 22:25,-8115007961234754659-2605071317-11,RE,RE7,,,2026-05-07 15:22,,0,,,legacy
2026-05-07 22:25,-8455037015374655075-2605071437-6,RE,RE80,,,2026-05-07 15:23,,0,,,legacy
2026-05-07 22:25,-8550029884193249344-2605071435-9,RB,RB41,,,2026-05-07 15:27,,0,,,legacy
2026-05-07 22:25,2228017092216421635-2605071435-9,RB,RB81,,,2026-05-07 15:18,,0,,,legacy
2026-05-07 22:25,4037805516420832998-2605071238-2,,,,,2026-05-07 12:48,,0,,,legacy
2026-05-07 22:25,495653515229149313-2605071439-7,RB,RB31,,,2026-05-07 15:15,,0,,,legacy
2026-05-07 22:25,5164820353604050422-2605071509-5,RE,RE8,,,2026-05-07 15:54,,0,,,legacy
2026-05-07 22:25,6680342960452230153-2605071436-6,RE,RE3,,,2026-05-07 15:22,,0,,,legacy
2026-05-07 22:25,6700288758807829180-2605070905-2,,,,,2026-05-07 09:10,,0,,,legacy
2026-05-07 22:25,7226977113444121927-2605071402-11,RB,RB61,,,2026-05-07 15:06,,0,,,legacy
2026-05-07 22:25,7839939373967476089-2605071422-11,RE,RE4,,,2026-05-07 15:46,,0,,,legacy
2026-05-07 22:25,8382636079350254225-2605071453-9,RB,RB71,,,2026-05-07 15:51,,0,,,legacy
2026-05-07 22:25,9052858960919066097-2605070912-9,,,,,2026-05-07 15:40,,0,,,legacy
2026-05-07 22:25,2825410077726988239-2605070805-10,,,,2026-05-07 14:36,2026-05-07 14:53,17.0,0,,,legacy
2026-05-07 22:25,-8916814441775474153-2605070912-9,,,,2026-05-07 15:36,2026-05-07 15:40,4.0,0,,,legacy
2026-05-07 23:26,-1618433914809757000-2605070923-8,,,,,2026-05-07 15:17,,0,,,legacy
2026-05-07 23:26,-2627319502414886509-2605070930-3,,,,,2026-05-07 10:52,,0,,,legacy
2026-05-07 23:26,-3299300215104137566-2605070849-15,,,,,2026-05-07 16:25,,0,,,legacy
2026-05-07 23:26,-3791061785274282598-2605071522-11,RE,RE4,,,2026-05-07 16:45,,0,,,legacy
2026-05-07 23:26,-4069291697784823093-2605071535-9,RB,RB81,,,2026-05-07 16:24,,0,,,legacy
2026-05-07 23:26,-4602427783665327588-2605070703-3,,,,,2026-05-07 07:19,,0,,,legacy
2026-05-07 23:26,-5330316903894753270-2605070814-11,,10,,,2026-05-07 16:33,,0,,,legacy
2026-05-07 23:26,-5594660246970482611-2605071535-9,RB,RB41,,,2026-05-07 16:29,,0,,,legacy
2026-05-07 23:26,-561569379985084080-2605071012-10,,,,,2026-05-07 16:52,,0,,,legacy
2026-05-07 23:26,-6038076520182518237-2605071553-9,RB,RB71,,,2026-05-07 16:50,,0,,,legacy
2026-05-07 23:26,-6412398759760115320-2605071611-5,RB,RB81,,,2026-05-07 16:36,,0,,,legacy
2026-05-07 23:26,-6524094087441523541-2605071539-7,RB,RB31,,,2026-05-07 16:13,,0,,,legacy
2026-05-07 23:26,-7184453857839759572-2605070728-18,,,,,2026-05-07 16:34,,0,,,legacy
2026-05-07 23:26,-8928814972859994512-2605070846-12,,,,,2026-05-07 16:12,,0,,,legacy
2026-05-07 23:26,1217412450643884013-2605071537-6,RE,RE80,,,2026-05-07 16:26,,0,,,legacy
2026-05-07 23:26,2512226212358951491-2605070616-5,,,,,2026-05-07 08:00,,0,,,legacy
2026-05-07 23:26,2674933742995769983-2605071505-8,RE,RE7,,,2026-05-07 16:24,,0,,,legacy
2026-05-07 23:26,3651312429871973009-2605071609-5,RE,RE8,,,2026-05-07 16:57,,0,,,legacy
2026-05-07 23:26,4524345277180079514-2605071417-11,RE,RE7,,,2026-05-07 16:24,,0,,,legacy
2026-05-07 23:26,5593758711446535859-2605071536-6,RE,RE3,,,2026-05-07 16:23,,0,,,legacy
2026-05-07 23:26,7517605630292767265-2605071006-2,,,,,2026-05-07 10:13,,0,,,legacy
2026-05-07 23:26,9218312428552671141-2605071502-11,RB,RB61,,,2026-05-07 16:05,,0,,,legacy
2026-05-07 23:26,1733230631317110353-2605070930-3,,,,2026-05-07 10:36,2026-05-07 10:52,16.0,0,,,legacy
2026-05-07 23:26,-5894767788106580379-2605070649-15,,,,2026-05-07 14:11,2026-05-07 15:53,102.0,0,,,legacy
2026-05-07 23:26,3117759776461625397-2605071254-5,,,,2026-05-07 15:32,2026-05-07 16:15,43.0,0,,,legacy
2026-05-08 00:26,-1022053095410673294-2605071208-7,,,,,2026-05-07 17:15,,0,,,legacy
2026-05-08 00:26,-2963728539643316623-2605071636-6,RE,RE3,,,2026-05-07 17:20,,0,,,legacy
2026-05-08 00:26,-3188431469960858092-2605071517-12,RE,RE7,,,2026-05-07 17:34,,0,,,legacy
2026-05-08 00:26,-3430793657207903601-2605071711-5,RB,RB81,,,2026-05-07 17:34,,0,,,legacy
2026-05-08 00:26,-3500545049874534285-2605070603-3,,,,,2026-05-07 06:16,,0,,,legacy
2026-05-08 00:26,-4405466533407548679-2605071639-7,RB,RB31,,,2026-05-07 17:23,,0,,,legacy
2026-05-08 00:26,-4785189941150615406-2605071602-11,RB,RB61,,,2026-05-07 17:19,,0,,,legacy
2026-05-08 00:26,-5078598503242403170-2605071622-11,RE,RE4,,,2026-05-07 17:55,,0,,,legacy
2026-05-08 00:26,-6742916762499933092-2605071716-7,RB,RB81,,,2026-05-07 17:48,,0,,,legacy
2026-05-08 00:26,-694138041328108466-2605071709-5,RE,RE8,,,2026-05-07 17:53,,0,,,legacy
2026-05-08 00:26,-7698711103205390966-2605071616-7,RB,RB81,,,2026-05-07 17:04,,0,,,legacy
2026-05-08 00:26,-7953571156990560915-2605071635-9,RB,RB81,,,2026-05-07 17:21,,0,,,legacy
2026-05-08 00:26,1046180414446080975-2605071430-6,,,,,2026-05-07 17:35,,0,,,legacy
2026-05-08 00:26,1147586189698099781-2605071635-9,RB,RB41,,,2026-05-07 17:47,,0,,,legacy
2026-05-08 00:26,1578146657653699899-2605071112-9,,,,,2026-05-07 17:50,,0,,,legacy
2026-05-08 00:26,2028916425846017892-2605071605-9,RE,RE7,,,2026-05-07 17:34,,0,,,legacy
2026-05-08 00:26,3397100192751969577-2605071106-2,,,,,2026-05-07 11:11,,0,,,legacy
2026-05-08 00:26,5186490163197231839-2605070934-2,,,,,2026-05-07 09:56,,0,,,legacy
2026-05-08 00:26,5555371111259384160-2605070759-19,,,,,2026-05-07 17:28,,0,,,legacy
2026-05-08 00:26,6556339575728025668-2605071537-8,RE,RE70,,,2026-05-07 17:05,,0,,,legacy
2026-05-08 00:26,7394318309112910540-2605071637-6,RE,RE80,,,2026-05-07 17:25,,0,,,legacy
2026-05-08 00:26,8523839610329830225-2605071641-5,RB,RB81,,,2026-05-07 17:07,,0,,,legacy
2026-05-08 00:26,8929512695746408772-2605071653-9,RB,RB71,,,2026-05-07 17:41,,0,,,legacy
2026-05-08 00:26,5446676395577831400-2605071112-9,,,,2026-05-07 17:37,2026-05-07 17:50,13.0,0,,,legacy
2026-05-08 01:26,-1540995538453723069-2605071637-8,RE,RE70,,,2026-05-07 18:04,,0,,,legacy
2026-05-08 01:26,-168947615118543906-2605071816-7,RB,RB81,,,2026-05-07 18:48,,0,,,legacy
2026-05-08 01:26,-1801168499836799587-2605071735-9,RB,RB81,,,2026-05-07 18:18,,0,,,legacy
2026-05-08 01:26,-3033115216451536190-2605071737-8,RE,RE70,,,2026-05-07 18:54,,0,,,legacy
2026-05-08 01:26,-3143394660947009224-2605071705-9,RE,RE7,,,2026-05-07 18:32,,0,,,legacy
2026-05-08 01:26,-3516612710550469561-2605071206-2,,,,,2026-05-07 12:12,,0,,,legacy
2026-05-08 01:26,-437127119749809605-2605071753-9,RB,RB71,,,2026-05-07 18:41,,0,,,legacy
2026-05-08 01:26,-4829231221989570123-2605071736-6,RE,RE3,,,2026-05-07 18:21,,0,,,legacy
2026-05-08 01:26,-6012005053401607387-2605071123-8,,,,,2026-05-07 17:15,,0,,,legacy
2026-05-08 01:26,-6982835672227902202-2605071739-7,RB,RB31,,,2026-05-07 18:10,,0,,,legacy
2026-05-08 01:26,-7714364757423921343-2605071206-10,,,,,2026-05-07 18:35,,0,,,legacy
2026-05-08 01:26,-8471873024121272354-2605070903-3,,,,,2026-05-07 09:26,,0,,,legacy
2026-05-08 01:26,-9085290573223992650-2605071722-11,RE,RE4,,,2026-05-07 18:51,,0,,,legacy
2026-05-08 01:26,3210025791970963021-2605071617-12,RE,RE7,,,2026-05-07 18:32,,0,,,legacy
2026-05-08 01:26,3693327742808461148-2605071809-5,RE,RE8,,,2026-05-07 18:53,,0,,,legacy
2026-05-08 01:26,3934059699535638280-2605071741-5,RB,RB81,,,2026-05-07 18:04,,0,,,legacy
2026-05-08 01:26,6730894676059722117-2605071735-9,RB,RB41,,,2026-05-07 18:26,,0,,,legacy
2026-05-08 01:26,7597922018485472491-2605071737-6,RE,RE80,,,2026-05-07 18:24,,0,,,legacy
2026-05-08 01:26,7679942365398287951-2605071702-11,RB,RB61,,,2026-05-07 18:04,,0,,,legacy
2026-05-08 01:26,8088226351077928869-2605071046-12,,,,,2026-05-07 18:14,,0,,,legacy
2026-05-08 01:26,9011011619156863439-2605070928-18,,,,,2026-05-07 18:40,,0,,,legacy
2026-05-08 01:26,991196480841819463-2605071811-5,RB,RB81,,,2026-05-07 18:34,,0,,,legacy
2026-05-08 01:26,4497111474412906520-2605071206-2,,,,2026-05-07 12:10,2026-05-07 12:12,2.0,0,,,legacy
2026-05-08 02:26,-217182095076231910-2605071805-9,RE,RE7,,,2026-05-07 19:23,,0,,,legacy
2026-05-08 02:26,-2843829057041584062-2605071323-8,,,,,2026-05-07 18:57,,0,,,legacy
2026-05-08 02:26,-3084196800500940002-2605071835-9,RB,RB81,,,2026-05-07 19:19,,0,,,legacy
2026-05-08 02:26,-3131052602046952620-2605070631-14,,,,,2026-05-07 13:25,,0,,,legacy
2026-05-08 02:26,-3773633397981174579-2605071839-7,RB,RB31,,,2026-05-07 19:18,,0,,,legacy
2026-05-08 02:26,-4196071307122765920-2605071836-6,RE,RE3,,,2026-05-07 19:23,,0,,,legacy
2026-05-08 02:26,-4941313803537188979-2605071911-5,RB,RB81,,,2026-05-07 19:35,,0,,,legacy
2026-05-08 02:26,-5703640496454004355-2605070803-3,,,,,2026-05-07 08:16,,0,,,legacy
2026-05-08 02:26,-7656869610527825242-2605071654-5,,,,,2026-05-07 19:38,,0,,,legacy
2026-05-08 02:26,-8626241792514986920-2605071823-11,RE,RE4,,,2026-05-07 19:44,,0,,,legacy
2026-05-08 02:26,-8983882588452863360-2605071717-12,RE,RE7,,,2026-05-07 19:23,,0,,,legacy
2026-05-08 02:26,1033962518134663424-2605071835-9,RB,RB41,,,2026-05-07 19:28,,0,,,legacy
2026-05-08 02:26,1184509608867288236-2605071310-9,,,,,2026-05-07 19:31,,0,,,legacy
2026-05-08 02:26,1969652039886200745-2605071853-9,RB,RB71,,,2026-05-07 19:50,,0,,,legacy
2026-05-08 02:26,1987212636059922431-2605071916-7,RB,RB81,,,2026-05-07 19:49,,0,,,legacy
2026-05-08 02:26,280172122011711595-2605071909-5,RE,RE8,,,2026-05-07 19:54,,0,,,legacy
2026-05-08 02:26,2992892244540391539-2605071837-8,RE,RE70,,,2026-05-07 19:56,,0,,,legacy
2026-05-08 02:26,3468951915484586958-2605071802-11,RB,RB61,,,2026-05-07 19:09,,0,,,legacy
2026-05-08 02:26,36887299006719453-2605071622-2,,,,,2026-05-07 16:35,,0,,,legacy
2026-05-08 02:26,5432269152027501927-2605071837-6,RE,RE80,,,2026-05-07 19:25,,0,,,legacy
2026-05-08 02:26,705193835817191755-2605071130-3,,,,,2026-05-07 12:43,,0,,,legacy
2026-05-08 02:26,8117886911530298430-2605071134-2,,,,,2026-05-07 11:49,,0,,,legacy
2026-05-08 02:26,8477967397184429333-2605071841-5,RB,RB81,,,2026-05-07 19:04,,0,,,legacy
2026-05-08 02:26,2902741655104830964-2605071310-9,,,,2026-05-07 19:37,2026-05-07 19:31,-6.0,0,,,legacy
2026-05-08 03:26,-1261071308251314263-2605071406-10,,,,,2026-05-07 20:47,,0,,,legacy
2026-05-08 03:26,-1594939601719293815-2605072016-7,RB,RB81,,,2026-05-07 20:48,,0,,,legacy
2026-05-08 03:26,-1776648406059141505-2605071902-11,RB,RB61,,,2026-05-07 20:28,,0,,,legacy
2026-05-08 03:26,-2491225657618914529-2605071905-9,RE,RE7,,,2026-05-07 20:33,,0,,,legacy
2026-05-08 03:26,-266204046597736577-2605071305-2,,,,,2026-05-07 13:11,,0,,,legacy
2026-05-08 03:26,-4183277360019515478-2605072009-5,RE,RE8,,,2026-05-07 20:53,,0,,,legacy
2026-05-08 03:26,-4721324655961804637-2605071953-9,RB,RB71,,,2026-05-07 20:45,,0,,,legacy
2026-05-08 03:26,-4960769804742065454-2605071941-5,RB,RB81,,,2026-05-07 20:04,,0,,,legacy
2026-05-08 03:26,-5598010853897722694-2605071939-7,RB,RB31,,,2026-05-07 20:12,,0,,,legacy
2026-05-08 03:26,-605356019567509609-2605071935-9,RB,RB81,,,2026-05-07 20:18,,0,,,legacy
2026-05-08 03:26,-6452407069337976676-2605071128-18,,,,,2026-05-07 20:17,,0,,,legacy
2026-05-08 03:26,-657578417068350480-2605071922-11,RE,RE4,,,2026-05-07 20:48,,0,,,legacy
2026-05-08 03:26,-7033374564671118827-2605071937-6,RE,RE80,,,2026-05-07 20:25,,0,,,legacy
2026-05-08 03:26,-762086226758254325-2605071203-3,,,,,2026-05-07 12:17,,0,,,legacy
2026-05-08 03:26,-8977158693366199082-2605071936-6,RE,RE3,,,2026-05-07 20:21,,0,,,legacy
2026-05-08 03:26,1653769359355988939-2605071937-8,RE,RE70,,,2026-05-07 20:57,,0,,,legacy
2026-05-08 03:26,3366099886625871029-2605071330-3,,,,,2026-05-07 14:41,,0,,,legacy
2026-05-08 03:26,5612476870594813183-2605071405-2,,,,,2026-05-07 14:09,,0,,,legacy
2026-05-08 03:26,5653087570567167872-2605071103-3,,,,,2026-05-07 11:17,,0,,,legacy
2026-05-08 03:26,6610086332469437335-2605071003-3,,,,,2026-05-07 10:18,,0,,,legacy
2026-05-08 03:26,7702481692019596064-2605070838-22,,,,,2026-05-07 19:52,,0,,,legacy
2026-05-08 03:26,776874307993202871-2605071246-12,,,,,2026-05-07 20:07,,0,,,legacy
2026-05-08 03:26,8552297428684472340-2605071817-12,RE,RE7,,,2026-05-07 20:33,,0,,,legacy
2026-05-08 03:26,-6706477632874044689-2605071405-2,,,,2026-05-07 14:10,2026-05-07 14:09,-1.0,0,,,legacy
2026-05-08 03:26,-3255494291645339701-2605071622-7,,,,2026-05-07 19:11,2026-05-07 20:34,83.0,0,,,legacy
2026-05-08 03:26,5805185693498387016-2605071622-7,,,,2026-05-07 19:11,2026-05-07 20:34,83.0,0,,,legacy
2026-05-08 03:26,8696757361612291076-2605071935-9,RB,RB41,,2026-05-07 20:25,2026-05-07 20:57,32.0,0,,,legacy
2026-05-08 04:26,-7956047615718350819-2605071403-3,,,,,2026-05-07 14:15,,0,,,legacy
2026-05-08 04:26,546776100848341432-2605072002-11,RB,RB61,,,2026-05-07 21:33,,0,,,legacy
2026-05-08 04:26,-5981141401498695982-2605071048-15,,,,2026-05-07 18:11,2026-05-07 20:36,145.0,0,,,legacy
2026-05-08 05:11,791009188262532597-2605071214-11,,10,,2026-05-07 20:34,2026-05-07 22:51,137.0,0,,,legacy
2026-05-08 07:11,4222817464971087397-2605072305-11,RE,RE7,,2026-05-08 00:21,2026-05-08 00:58,37.0,0,,,legacy
2026-05-08 10:11,3278957848508532209-2605080909-5,RE,RE30,,,2026-05-08 09:53,,0,,,legacy
2026-05-08 10:11,3796045870576435791-2605080549-13,RE,RE5,,,2026-05-08 07:34,,0,,,legacy
2026-05-08 10:56,-1199948685037004152-2605072005-9,RE,RE7,,,2026-05-07 21:39,,0,,,legacy
2026-05-08 10:56,-1302275594339840200-2605071523-8,,,,,2026-05-07 21:22,,0,,,legacy
2026-05-08 10:56,-1621849622641880552-2605072036-6,RE,RE3,,,2026-05-07 21:24,,0,,,legacy
2026-05-08 10:56,-4503530441970809798-2605071334-2,,,,,2026-05-07 13:49,,0,,,legacy
2026-05-08 10:56,-4684127518317498007-2605072035-9,RB,RB81,,,2026-05-07 21:36,,0,,,legacy
2026-05-08 10:56,-4692826628620809565-2605072109-5,RE,RE8,,,2026-05-07 21:53,,0,,,legacy
2026-05-08 10:56,-4729806126304016967-2605071830-6,,,,,2026-05-07 21:21,,0,,,legacy
2026-05-08 10:56,-4800413429984764076-2605071622-7,,,,,2026-05-07 21:10,,0,,,legacy
2026-05-08 10:56,-6024162288152053505-2605072053-9,RB,RB71,,,2026-05-07 21:51,,0,,,legacy
2026-05-08 10:56,-667854438862135023-2605071248-15,,,,,2026-05-07 20:32,,0,,,legacy
2026-05-08 10:56,-6810804491767780255-2605072035-9,RB,RB41,,,2026-05-07 21:27,,0,,,legacy
2026-05-08 10:56,-6968895459807678055-2605071917-12,RE,RE7,,,2026-05-07 21:39,,0,,,legacy
2026-05-08 10:56,-7092677900906309611-2605072022-11,RE,RE4,,,2026-05-07 21:44,,0,,,legacy
2026-05-08 10:56,-7989621655338553543-2605072116-7,RB,RB81,,,2026-05-07 21:49,,0,,,legacy
2026-05-08 10:56,-8705107722613527627-2605071059-25,,,,,2026-05-07 21:32,,0,,,legacy
2026-05-08 10:56,-988583344704703688-2605071505-2,,,,,2026-05-07 15:11,,0,,,legacy
2026-05-08 10:56,2125648005524986325-2605072037-8,RE,RE70,,,2026-05-07 21:57,,0,,,legacy
2026-05-08 10:56,2276889944093943677-2605072037-6,RE,RE80,,,2026-05-07 21:40,,0,,,legacy
2026-05-08 10:56,2911241734706194048-2605072039-7,RB,RB31,,,2026-05-07 21:12,,0,,,legacy
2026-05-08 10:56,3363216607810566314-2605070822-3,,,,,2026-05-07 14:33,,0,,,legacy
2026-05-08 10:56,4560172541036709998-2605071512-9,,,,,2026-05-07 21:51,,0,,,legacy
2026-05-08 10:56,8752482116785104842-2605071043-16,,,,,2026-05-07 22:03,,0,,,legacy
2026-05-08 10:56,-8806549961870450347-2605071512-9,,,,2026-05-07 21:37,2026-05-07 21:51,14.0,0,,,legacy
2026-05-08 11:11,-1694210564644195702-2605072302-11,RB,RB61,,,2026-05-08 00:08,,0,,,legacy
2026-05-08 11:11,-2614635043189967845-2605072336-6,RE,RE3,,,2026-05-08 00:33,,0,,,legacy
2026-05-08 11:11,-2677087939388563746-2605080109-5,RE,RE30,,,2026-05-08 01:57,,0,,,legacy
2026-05-08 11:11,-2910589038648014094-2605071303-3,,,,,2026-05-07 13:17,,0,,,legacy
2026-05-08 11:11,-3544638752701180106-2605072126-3,,,,,2026-05-07 21:48,,0,,,legacy
2026-05-08 11:11,-3920733751646842741-2605072311-6,RB,RB71,,,2026-05-07 23:47,,0,,,legacy
2026-05-08 11:11,-4463983841688751065-2605072003-3,,,,,2026-05-07 20:15,,0,,,legacy
2026-05-08 11:11,-4758242349678413284-2605071238-23,,,,,2026-05-07 23:42,,0,,,legacy
2026-05-08 11:11,-4903045561539693758-2605071606-2,,,,,2026-05-07 16:12,,0,,,legacy
2026-05-08 11:11,-5040855886902453859-2605071528-18,,,,,2026-05-08 00:54,,0,,,legacy
2026-05-08 11:11,-5205691825810693259-2605072202-11,RB,RB61,,,2026-05-07 23:05,,0,,,legacy
2026-05-08 11:11,-524151628723159576-2605071805-2,,,,,2026-05-07 18:08,,0,,,legacy
2026-05-08 11:11,-5425302918995479956-2605071503-3,,,,,2026-05-07 15:16,,0,,,legacy
2026-05-08 11:11,-5438102898558279853-2605072235-9,RB,RB81,,,2026-05-07 23:18,,0,,,legacy
2026-05-08 11:11,-5487531873915021544-2605071705-2,,,,,2026-05-07 17:22,,0,,,legacy
2026-05-08 11:11,-5967924537871298080-2605080308-8,RE,RE70,,,2026-05-08 04:23,,0,,,legacy
2026-05-08 11:11,-6004858853457181289-2605072137-6,RE,RE80,,,2026-05-07 22:25,,0,,,legacy
2026-05-08 11:11,-6235789055676348186-2605071603-3,,,,,2026-05-07 16:19,,0,,,legacy
2026-05-08 11:11,-649058799789580020-2605072234-3,,,,,2026-05-07 22:49,,0,,,legacy
2026-05-08 11:11,-6674299936034920605-2605072139-7,RB,RB31,,,2026-05-07 22:23,,0,,,legacy
2026-05-08 11:11,-6711307188089838742-2605080005-11,RE,RE7,,,2026-05-08 01:26,,0,,,legacy
2026-05-08 11:11,-6855312160023731596-2605072209-5,RE,RE8,,,2026-05-07 22:53,,0,,,legacy
2026-05-08 11:11,-8060825124218528893-2605072237-6,RE,RE80,,,2026-05-07 23:25,,0,,,legacy
2026-05-08 11:11,-8304764519605669879-2605072353-9,RB,RB71,,,2026-05-08 00:47,,0,,,legacy
2026-05-08 11:11,-8941932149309778658-2605071923-8,,,,,2026-05-08 01:35,,0,,,legacy
2026-05-08 11:11,1037704788530336268-2605072239-7,RB,RB31,,,2026-05-07 23:18,,0,,,legacy
2026-05-08 11:11,1341255694964782463-2605072017-12,RE,RE7,,,2026-05-07 22:28,,0,,,legacy
2026-05-08 11:11,1385748072268674775-2605072135-9,RB,RB41,,,2026-05-07 22:35,,0,,,legacy
2026-05-08 11:11,2417607783695456563-2605072105-9,RE,RE7,,,2026-05-07 22:28,,0,,,legacy
2026-05-08 11:11,3457443120563044576-2605071530-3,,,,,2026-05-07 16:46,,0,,,legacy
2026-05-08 11:11,3499338043235512572-2605071934-2,,,,,2026-05-07 19:47,,0,,,legacy
2026-05-08 11:11,387110255594909239-2605071730-3,,,,,2026-05-07 18:36,,0,,,legacy
2026-05-08 11:11,5009974875136989122-2605072153-9,RB,RB71,,,2026-05-07 22:44,,0,,,legacy
2026-05-08 11:11,5084834081299892186-2605072335-9,RB,RB81,,,2026-05-08 00:18,,0,,,legacy
2026-05-08 11:11,5159579159358071308-2605072316-7,RB,RB81,,,2026-05-07 23:48,,0,,,legacy
2026-05-08 11:11,5318762053619111542-2605072135-9,RB,RB81,,,2026-05-07 22:19,,0,,,legacy
2026-05-08 11:11,6194893901306646476-2605071703-3,,,,,2026-05-07 17:30,,0,,,legacy
2026-05-08 11:11,6353778459721582899-2605072216-7,RB,RB81,,,2026-05-07 22:48,,0,,,legacy
2026-05-08 11:11,6954924236955692259-2605071328-18,,,,,2026-05-07 22:40,,0,,,legacy
2026-05-08 11:11,8176182407586879684-2605071734-3,,,,,2026-05-07 17:47,,0,,,legacy
2026-05-08 11:11,8218544619443085427-2605071647-15,,,,,2026-05-08 00:44,,0,,,legacy
2026-05-08 11:11,8315793384307653339-2605072309-5,RE,RE8,,,2026-05-07 23:54,,0,,,legacy
2026-05-08 11:11,8334107169665031747-2605072352-10,RB,RB41,,,2026-05-08 01:12,,0,,,legacy
2026-05-08 11:11,8595246951948276691-2605072102-11,RB,RB61,,,2026-05-07 22:10,,0,,,legacy
2026-05-08 11:11,8601835580030259121-2605072137-8,RE,RE70,,,2026-05-07 22:58,,0,,,legacy
2026-05-08 11:11,8793213226106504000-2605072036-2,,,,,2026-05-07 21:01,,0,,,legacy
2026-05-08 11:11,9011218217436282603-2605080346-10,RB,RB41,,,2026-05-08 04:49,,0,,,legacy
2026-05-08 11:11,9022519486597863497-2605071812-2,,,,,2026-05-07 18:16,,0,,,legacy
2026-05-08 11:11,9034693412834794181-2605080425-5,RB,RB81,,,2026-05-08 04:51,,0,,,legacy
2026-05-08 11:11,9120432599921369422-2605071723-8,,,,,2026-05-07 23:26,,0,,,legacy
2026-05-08 11:11,2376607161780385683-2605071303-3,,,,2026-05-07 13:15,2026-05-07 13:17,2.0,0,,,legacy
2026-05-08 11:11,506977379099688294-2605071606-2,,,,2026-05-07 16:10,2026-05-07 16:12,2.0,0,,,legacy
2026-05-08 11:11,4781449848509029885-2605071705-2,,,,2026-05-07 17:10,2026-05-07 17:22,12.0,0,,,legacy
2026-05-08 11:11,-6783412434516007557-2605071734-3,,,,2026-05-07 17:47,2026-05-07 17:47,0.0,0,,,legacy
2026-05-08 11:11,135707440745120616-2605072003-3,,,,2026-05-07 20:15,2026-05-07 20:15,0.0,0,,,legacy
2026-05-08 11:11,-4298034660132110013-2605072126-3,,,,2026-05-07 21:38,2026-05-07 21:48,10.0,0,,,legacy
2026-05-08 11:11,-4996106387381962598-2605072126-3,,,,2026-05-07 21:38,2026-05-07 21:48,10.0,0,,,legacy
2026-05-08 11:11,-1588936129122896413-2605071448-15,,,,2026-05-07 22:11,2026-05-07 23:00,49.0,0,,,legacy
2026-05-08 11:11,2312021746832836963-2605071448-15,,,,2026-05-07 22:11,2026-05-07 23:00,49.0,0,,,legacy
2026-05-08 11:11,-8243134940294726177-2605071446-12,,,,2026-05-07 22:14,2026-05-07 23:03,49.0,0,,,legacy
2026-05-08 11:11,-5602752550635686646-2605071230-14,,10,,2026-05-07 22:33,2026-05-07 23:39,66.0,0,,,legacy
2026-05-08 11:11,5818020606803679032-2605071606-10,,,,2026-05-07 22:36,2026-05-07 23:19,43.0,0,,,legacy
2026-05-08 11:11,8443956929456489168-2605071822-7,,,,2026-05-07 22:56,2026-05-07 23:57,61.0,0,,,legacy
2026-05-08 11:11,-4980506932980029357-2605071631-14,,,,2026-05-07 23:11,2026-05-08 01:26,135.0,0,,,legacy
2026-05-08 11:11,-1911449629863932941-2605071723-8,,,,2026-05-07 23:14,2026-05-07 23:26,12.0,0,,,legacy
2026-05-08 11:11,573841601175746681-2605072205-105,RE,RE7,,2026-05-07 23:24,2026-05-07 23:36,12.0,0,,,legacy
2026-05-08 11:11,7468334744528629490-2605071710-9,,,,2026-05-07 23:34,2026-05-08 01:41,127.0,0,,,legacy
2026-05-08 11:11,-4818102182269436190-2605071646-12,,,,2026-05-08 00:14,2026-05-08 01:08,54.0,0,,,legacy
2026-05-08 11:11,-730051901955407455-2605072238-7,,,,2026-05-08 01:02,2026-05-08 02:07,65.0,0,,,legacy
2026-05-08 11:11,-2116137210552111311-2605080031-6,RE,RE3,,2026-05-08 01:10,2026-05-08 01:47,37.0,0,,,legacy
2026-05-08 12:11,-2392591812561718951-2605080453-9,RB,RB71,,,2026-05-08 05:42,,0,,,legacy
2026-05-08 12:11,-4204938752686762051-2605080516-7,RB,RB81,,,2026-05-08 05:48,,0,,,legacy
2026-05-08 12:11,-4394323290879927050-2605080402-9,RE,RE7,,,2026-05-08 05:25,,0,,,legacy
2026-05-08 12:11,-6641565464322350027-2605080402-11,RB,RB61,,,2026-05-08 05:02,,0,,,legacy
2026-05-08 12:11,-7877843962657609673-2605080509-5,RE,RE30,,,2026-05-08 05:54,,0,,,legacy
2026-05-08 12:11,-810019226678636451-2605080437-6,RE,RE30,,,2026-05-08 05:30,,0,,,legacy
2026-05-08 12:11,1536468907173227718-2605080436-6,RE,RE3,,,2026-05-08 05:24,,0,,,legacy
2026-05-08 12:11,7189731386577736318-2605080430-10,RB,RB41,,,2026-05-08 05:29,,0,,,legacy
2026-05-08 12:11,8104519730754987199-2605080435-9,RB,RB81,,,2026-05-08 05:18,,0,,,legacy
2026-05-08 13:26,-1237890003819403071-2605080502-11,RB,RB61,,,2026-05-08 06:12,,0,,,legacy
2026-05-08 13:26,-1906309101737004298-2605080457-15,RB,RB41,,,2026-05-08 06:30,,0,,,legacy
2026-05-08 13:26,-6769015484755647586-2605080538-7,RE,RE3,,,2026-05-08 06:55,,0,,,legacy
2026-05-08 13:26,-6961852970408451758-2605080616-7,RB,RB81,,,2026-05-08 06:48,,0,,,legacy
2026-05-08 13:26,-8594749958192812225-2605080536-6,RE,RE3,,,2026-05-08 06:47,,0,,,legacy
2026-05-08 13:26,-9105898598852946278-2605080505-8,RE,RE7,,,2026-05-08 06:23,,0,,,legacy
2026-05-08 13:26,2648435496848007442-2605080537-8,RE,RE70,,,2026-05-08 06:52,,0,,,legacy
2026-05-08 13:26,3083470291137215454-2605080548-7,RE,RE4,,,2026-05-08 06:45,,0,,,legacy
2026-05-08 13:26,6183801689417187664-2605080537-6,RE,RE30,,,2026-05-08 06:26,,0,,,legacy
2026-05-08 13:26,635156796628650000-2605080535-9,RB,RB81,,,2026-05-08 06:21,,0,,,legacy
2026-05-08 13:26,6567724901549400999-2605080553-9,RB,RB71,,,2026-05-08 06:43,,0,,,legacy
2026-05-08 13:26,7651668250587456068-2605080430-15,RB,RB41,,,2026-05-08 06:01,,0,,,legacy
2026-05-08 13:26,8136190555525882553-2605080417-11,RE,RE7,,,2026-05-08 06:23,,0,,,legacy
2026-05-08 13:26,823488902044315666-2605080609-5,RE,RE30,,,2026-05-08 06:53,,0,,,legacy
2026-05-08 13:26,8312262657501080380-2605080611-5,RB,RB81,,,2026-05-08 06:34,,0,,,legacy
2026-05-08 13:26,3941548061613216885-2605072112-2,,,,2026-05-07 23:59,2026-05-08 00:12,13.0,0,,,legacy
2026-05-08 13:26,1902796620404485330-2605080539-7,RB,RB31,,2026-05-08 06:10,2026-05-08 06:43,33.0,0,,,legacy
2026-05-08 14:26,-2896329097575848328-2605071912-2,,,,,2026-05-07 19:16,,0,,,legacy
2026-05-08 14:26,-61162464930520183-2605080517-11,RE,RE7,,,2026-05-08 07:33,,0,,,legacy
2026-05-08 14:26,-7228323168599213940-2605080628-10,RB,RB41,,,2026-05-08 07:27,,0,,,legacy
2026-05-08 14:26,-7403540165833005095-2605080635-9,RB,RB81,,,2026-05-08 07:18,,0,,,legacy
2026-05-08 14:26,-7855767983278073293-2605080711-5,RB,RB81,,,2026-05-08 07:34,,0,,,legacy
2026-05-08 14:26,-8254610297767882258-2605080636-6,RE,RE3,,,2026-05-08 07:22,,0,,,legacy
2026-05-08 14:26,-9071384910044894170-2605080634-8,RE,RE30,,,2026-05-08 07:43,,0,,,legacy
2026-05-08 14:26,-9218627476631391022-2605080605-8,RE,RE7,,,2026-05-08 07:33,,0,,,legacy
2026-05-08 14:26,1501460796885002383-2605080653-9,RB,RB71,,,2026-05-08 07:43,,0,,,legacy
2026-05-08 14:26,1980048163959817893-2605080709-5,RE,RE30,,,2026-05-08 07:53,,0,,,legacy
2026-05-08 14:26,2774174590951633862-2605072202-3,,,,,2026-05-07 22:16,,0,,,legacy
2026-05-08 14:26,4199864035703836662-2605080641-5,RB,RB81,,,2026-05-08 07:04,,0,,,legacy
2026-05-08 14:26,4444191826229498762-2605080713-7,RB,RB81,,,2026-05-08 07:49,,0,,,legacy
2026-05-08 14:26,4682136619533968759-2605080602-11,RB,RB61,,,2026-05-08 07:08,,0,,,legacy
2026-05-08 14:26,5177481596805362451-2605080641-7,RE,RE3,,,2026-05-08 07:54,,0,,,legacy
2026-05-08 14:26,5926379620860043859-2605080637-6,RE,RE30,,,2026-05-08 07:25,,0,,,legacy
2026-05-08 14:26,6953208858522139559-2605080617-12,RE,RE4,,,2026-05-08 07:46,,0,,,legacy
2026-05-08 14:26,7311933899979687719-2605080639-7,RB,RB31,,,2026-05-08 07:12,,0,,,legacy
2026-05-08 14:26,7320984570293106503-2605080637-8,RE,RE70,,,2026-05-08 07:51,,0,,,legacy
2026-05-08 14:26,5314339732344412113-2605080429-7,,,,2026-05-08 07:11,2026-05-08 07:49,38.0,0,,,legacy
2026-05-08 14:26,9152514882437321652-2605080429-7,,,,2026-05-08 07:11,2026-05-08 07:49,38.0,0,,,legacy
2026-05-08 14:26,8209469800275406026-2605072222-8,,,,2026-05-08 07:24,2026-05-08 07:58,34.0,0,,,legacy
2026-05-08 14:56,-1022053095410673294-2605081208-7,,,,,2026-05-08 16:58,,0,,,legacy
2026-05-08 14:56,-1151538930163409874-2605080813-7,RB,RB81,,,2026-05-08 08:49,,0,,,legacy
2026-05-08 14:56,-1170383355919601488-2605081305-8,RE,RE7,,,2026-05-08 14:37,,0,,,legacy
2026-05-08 14:56,-1261071308251314263-2605081406-10,,,,,2026-05-08 20:36,,0,,,legacy
2026-05-08 14:56,-1275104846797668518-2605080735-9,RB,RB81,,,2026-05-08 08:19,,0,,,legacy
2026-05-08 14:56,-1302275594339840200-2605081523-8,,,,,2026-05-08 21:14,,0,,,legacy
2026-05-08 14:56,-1418573917290258550-2605081416-7,RB,RB81,,,2026-05-08 14:49,,0,,,legacy
2026-05-08 14:56,-1494893474156392079-2605081036-6,RE,RE3,,,2026-05-08 11:21,,0,,,legacy
2026-05-08 14:56,-1588936129122896413-2605081448-15,,,,,2026-05-08 22:11,,0,,,legacy
2026-05-08 14:56,-1592057700459732081-2605080436-2,,,,,2026-05-08 04:48,,0,,,legacy
2026-05-08 14:56,-1618433914809757000-2605080923-8,,,,,2026-05-08 15:15,,0,,,legacy
2026-05-08 14:56,-1656742390364091013-2605080736-6,RE,RE3,,,2026-05-08 08:26,,0,,,legacy
2026-05-08 14:56,-1767512675361602407-2605081501-10,,20,,,2026-05-08 19:28,,0,,,legacy
2026-05-08 14:56,-1822966271854478829-2605080400-11,,,,,2026-05-08 08:35,,0,,,legacy
2026-05-08 14:56,-1872892276374220322-2605081437-8,RE,RE70,,,2026-05-08 15:54,,0,,,legacy
2026-05-08 14:56,-189137113212938156-2605080835-9,RB,RB41,,,2026-05-08 09:31,,0,,,legacy
2026-05-08 14:56,-2019839073025463546-2605081353-9,RB,RB71,,,2026-05-08 14:51,,0,,,legacy
2026-05-08 14:56,-2053455840597925551-2605081117-11,RE,RE7,,,2026-05-08 13:28,,0,,,legacy
2026-05-08 14:56,-2125895193974483860-2605081205-8,RE,RE7,,,2026-05-08 13:28,,0,,,legacy
2026-05-08 14:56,-2275836909676922659-2605080726-11,RE,RE4,,,2026-05-08 08:54,,0,,,legacy
2026-05-08 14:56,-2555244711354141738-2605081239-7,RB,RB31,,,2026-05-08 13:16,,0,,,legacy
2026-05-08 14:56,-2582688816215853638-2605081309-5,RE,RE30,,,2026-05-08 14:00,,0,,,legacy
2026-05-08 14:56,-2600806661377466654-2605081237-6,RE,RE30,,,2026-05-08 13:24,,0,,,legacy
2026-05-08 14:56,-2627319502414886509-2605080930-3,,,,,2026-05-08 10:36,,0,,,legacy
2026-05-08 14:56,-266204046597736577-2605081305-2,,,,,2026-05-08 13:09,,0,,,legacy
2026-05-08 14:56,-2843829057041584062-2605081323-8,,,,,2026-05-08 19:14,,0,,,legacy
2026-05-08 14:56,-2910589038648014094-2605081303-3,,,,,2026-05-08 13:18,,0,,,legacy
2026-05-08 14:56,-2963728539643316623-2605081636-6,RE,RE3,,,2026-05-08 17:20,,0,,,legacy
2026-05-08 14:56,-3131052602046952620-2605080631-14,,,,,2026-05-08 13:40,,0,,,legacy
2026-05-08 14:56,-3171428142048177713-2605080511-9,,,,,2026-05-08 11:36,,0,,,legacy
2026-05-08 14:56,-3188431469960858092-2605081517-12,RE,RE7,,,2026-05-08 17:26,,0,,,legacy
2026-05-08 14:56,-3212205364154915817-2605080609-10,,,,,2026-05-08 12:36,,0,,,legacy
2026-05-08 14:56,-3422739654119885417-2605081516-7,RB,RB81,,,2026-05-08 15:48,,0,,,legacy
2026-05-08 14:56,-3500545049874534285-2605080603-3,,,,,2026-05-08 06:15,,0,,,legacy
2026-05-08 14:56,-3516612710550469561-2605081206-2,,,,,2026-05-08 12:10,,0,,,legacy
2026-05-08 14:56,-3773633397981174579-2605081839-7,RB,RB31,,,2026-05-08 19:10,,0,,,legacy
2026-05-08 14:56,-3783829201967449571-2605080534-2,,,,,2026-05-08 05:45,,0,,,legacy
2026-05-08 14:56,-3791061785274282598-2605081522-11,RE,RE4,,,2026-05-08 16:45,,0,,,legacy
2026-05-08 14:56,-3802404608067192675-2605071855-2,,,,,2026-05-07 19:04,,0,,,legacy
2026-05-08 14:56,-3890685727423428970-2605080525-11,,,,,2026-05-08 10:25,,0,,,legacy
2026-05-08 14:56,-4022866577318711827-2605081005-8,RE,RE7,,,2026-05-08 11:28,,0,,,legacy
2026-05-08 14:56,-4151394777712103696-2605080805-10,,,,,2026-05-08 14:37,,0,,,legacy
2026-05-08 14:56,-4196071307122765920-2605081836-6,RE,RE3,,,2026-05-08 19:20,,0,,,legacy
2026-05-08 14:56,-4211027881444132736-2605081337-8,RE,RE70,,,2026-05-08 14:54,,0,,,legacy
2026-05-08 14:56,-4212522544061880680-2605081102-11,RB,RB61,,,2026-05-08 12:05,,0,,,legacy
2026-05-08 14:56,-4221674867531744929-2605081109-5,RE,RE30,,,2026-05-08 11:54,,0,,,legacy
2026-05-08 14:56,-4229753936075266247-2605080937-6,RE,RE30,,,2026-05-08 10:25,,0,,,legacy
2026-05-08 14:56,-437127119749809605-2605081753-9,RB,RB71,,,2026-05-08 18:41,,0,,,legacy
2026-05-08 14:56,-4405466533407548679-2605081639-7,RB,RB31,,,2026-05-08 17:10,,0,,,legacy
2026-05-08 14:56,-4503530441970809798-2605081334-2,,,,,2026-05-08 13:47,,0,,,legacy
2026-05-08 14:56,-4602427783665327588-2605080703-3,,,,,2026-05-08 07:21,,0,,,legacy
2026-05-08 14:56,-4664738022341087196-2605080659-14,,,,,2026-05-08 13:43,,0,,,legacy
2026-05-08 14:56,-4753707028515324396-2605080854-5,,,,,2026-05-08 11:33,,0,,,legacy
2026-05-08 14:56,-4780306928560468597-2605071625-12,,,,,2026-05-08 05:09,,0,,,legacy
2026-05-08 14:56,-4785189941150615406-2605081602-11,RB,RB61,,,2026-05-08 17:01,,0,,,legacy
2026-05-08 14:56,-4798161523146217616-2605080728-10,RB,RB41,,,2026-05-08 08:44,,0,,,legacy
2026-05-08 14:56,-4826673439027047350-2605081405-8,RE,RE7,,,2026-05-08 15:30,,0,,,legacy
2026-05-08 14:56,-4829231221989570123-2605081736-6,RE,RE3,,,2026-05-08 18:20,,0,,,legacy
2026-05-08 14:56,-4832530349883608553-2605081153-9,RB,RB71,,,2026-05-08 12:52,,0,,,legacy
2026-05-08 14:56,-4976880781789089102-2605080916-7,RB,RB81,,,2026-05-08 09:48,,0,,,legacy
2026-05-08 14:56,-5040855886902453859-2605081528-18,,,,,2026-05-09 00:32,,0,,,legacy
2026-05-08 14:56,-5078598503242403170-2605081622-11,RE,RE4,,,2026-05-08 17:45,,0,,,legacy
2026-05-08 14:56,-508151058757607646-2605080716-19,,,,,2026-05-08 15:34,,0,,,legacy
2026-05-08 14:56,-5138192615591901711-2605080617-11,RE,RE7,,,2026-05-08 08:22,,0,,,legacy
2026-05-08 14:56,-521217330813819261-2605072113-3,,,,,2026-05-07 21:25,,0,,,legacy
2026-05-08 14:56,-5330316903894753270-2605080814-11,,10,,,2026-05-08 16:34,,0,,,legacy
2026-05-08 14:56,-5358270556532704414-2605080836-6,RE,RE3,,,2026-05-08 09:27,,0,,,legacy
2026-05-08 14:56,-537957746364217611-2605081037-8,RE,RE70,,,2026-05-08 11:55,,0,,,legacy
2026-05-08 14:56,-5425302918995479956-2605081503-3,,,,,2026-05-08 15:15,,0,,,legacy
2026-05-08 14:56,-5486357965950019401-2605081037-6,RE,RE30,,,2026-05-08 11:25,,0,,,legacy
2026-05-08 14:56,-5591597380485360579-2605072059-14,,,,,2026-05-08 08:03,,0,,,legacy
2026-05-08 14:56,-5594660246970482611-2605081535-9,RB,RB41,,,2026-05-08 16:25,,0,,,legacy
2026-05-08 14:56,-561569379985084080-2605081012-10,,,,,2026-05-08 16:36,,0,,,legacy
2026-05-08 14:56,-5703640496454004355-2605080803-3,,,,,2026-05-08 08:28,,0,,,legacy
2026-05-08 14:56,-5894767788106580379-2605080649-15,,,,,2026-05-08 14:13,,0,,,legacy
2026-05-08 14:56,-5911459987342849242-2605080935-9,RB,RB41,,,2026-05-08 10:28,,0,,,legacy
2026-05-08 14:56,-5981141401498695982-2605081048-15,,,,,2026-05-08 18:11,,0,,,legacy
2026-05-08 14:56,-5985747340714934197-2605081422-7,,,,,2026-05-08 19:21,,0,,,legacy
2026-05-08 14:56,-6012005053401607387-2605081123-8,,,,,2026-05-08 17:14,,0,,,legacy
2026-05-08 14:56,-6038076520182518237-2605081553-9,RB,RB71,,,2026-05-08 16:41,,0,,,legacy
2026-05-08 14:56,-6051409117345262240-2605080837-8,RE,RE70,,,2026-05-08 09:58,,0,,,legacy
2026-05-08 14:56,-6452407069337976676-2605081128-18,,,,,2026-05-08 20:32,,0,,,legacy
2026-05-08 14:56,-6468886972191162920-2605080702-11,RB,RB61,,,2026-05-08 08:09,,0,,,legacy
2026-05-08 14:56,-6524094087441523541-2605081539-7,RB,RB31,,,2026-05-08 16:13,,0,,,legacy
2026-05-08 14:56,-6531275544337293034-2605080753-9,RB,RB71,,,2026-05-08 08:46,,0,,,legacy
2026-05-08 14:56,-667854438862135023-2605081248-15,,,,,2026-05-08 20:11,,0,,,legacy
2026-05-08 14:56,-6830790016000204290-2605081316-7,RB,RB81,,,2026-05-08 13:49,,0,,,legacy
2026-05-08 14:56,-683754151173195972-2605081016-7,RB,RB81,,,2026-05-08 10:49,,0,,,legacy
2026-05-08 14:56,-691048836761689376-2605081336-6,RE,RE3,,,2026-05-08 14:34,,0,,,legacy
2026-05-08 14:56,-6982835672227902202-2605081739-7,RB,RB31,,,2026-05-08 18:10,,0,,,legacy
2026-05-08 14:56,-7004118035906616575-2605081437-8,,,,,2026-05-08 20:14,,0,,,legacy
2026-05-08 14:56,-7164789677954901307-2605081230-6,,,,,2026-05-08 15:15,,0,,,legacy
2026-05-08 14:56,-7184453857839759572-2605080728-18,,,,,2026-05-08 16:32,,0,,,legacy
2026-05-08 14:56,-7240898703310175045-2605080837-6,RE,RE30,,,2026-05-08 09:31,,0,,,legacy
2026-05-08 14:56,-7464145250026418942-2605081322-11,RE,RE4,,,2026-05-08 14:47,,0,,,legacy
2026-05-08 14:56,-7614266119749148509-2605081222-11,RE,RE7,,,2026-05-08 14:37,,0,,,legacy
2026-05-08 14:56,-762086226758254325-2605081203-3,,,,,2026-05-08 12:16,,0,,,legacy
2026-05-08 14:56,-7714364757423921343-2605081206-10,,,,,2026-05-08 18:36,,0,,,legacy
2026-05-08 14:56,-7763829618738350329-2605080835-9,RB,RB81,,,2026-05-08 09:25,,0,,,legacy
2026-05-08 14:56,-7826121091385121434-2605080705-2,,,,,2026-05-08 07:12,,0,,,legacy
2026-05-08 14:56,-7866109702434619455-2605081105-8,RE,RE7,,,2026-05-08 12:22,,0,,,legacy
2026-05-08 14:56,-7935312781145201778-2605081035-9,RB,RB81,,,2026-05-08 11:18,,0,,,legacy
2026-05-08 14:56,-7956047615718350819-2605081403-3,,,,,2026-05-08 14:20,,0,,,legacy
2026-05-08 14:56,-8003392339101483857-2605080712-9,,,,,2026-05-08 13:55,,0,,,legacy
2026-05-08 14:56,-8011164337776733770-2605081022-11,RE,RE4,,,2026-05-08 11:45,,0,,,legacy
2026-05-08 14:56,-8115007961234754659-2605081317-11,RE,RE7,,,2026-05-08 15:30,,0,,,legacy
2026-05-08 14:56,-8127562561253495763-2605080827-5,,,,,2026-05-08 11:06,,0,,,legacy
2026-05-08 14:56,-8237034450104717281-2605072155-3,,,,,2026-05-08 05:09,,0,,,legacy
2026-05-08 14:56,-8243134940294726177-2605081446-12,,,,,2026-05-08 22:14,,0,,,legacy
2026-05-08 14:56,-8258926274084365972-2605080953-9,RB,RB71,,,2026-05-08 10:52,,0,,,legacy
2026-05-08 14:56,-8358263950299958833-2605081009-5,RE,RE30,,,2026-05-08 10:53,,0,,,legacy
2026-05-08 14:56,-8455037015374655075-2605081437-6,RE,RE30,,,2026-05-08 15:25,,0,,,legacy
2026-05-08 14:56,-8471873024121272354-2605080903-3,,,,,2026-05-08 09:25,,0,,,legacy
2026-05-08 14:56,-8550029884193249344-2605081435-9,RB,RB41,,,2026-05-08 15:25,,0,,,legacy
2026-05-08 14:56,-8626241792514986920-2605081823-11,RE,RE4,,,2026-05-08 19:45,,0,,,legacy
2026-05-08 14:56,-8636832709416990866-2605080901-10,,20,,,2026-05-08 13:35,,0,,,legacy
2026-05-08 14:56,-8657950163252962648-2605080705-8,RE,RE7,,,2026-05-08 08:22,,0,,,legacy
2026-05-08 14:56,-8677182982400525824-2605072046-13,,,,,2026-05-08 09:09,,0,,,legacy
2026-05-08 14:56,-8705107722613527627-2605081059-25,,,,,2026-05-08 21:34,,0,,,legacy
2026-05-08 14:56,-8882657082382035783-2605080922-11,RE,RE4,,,2026-05-08 10:49,,0,,,legacy
2026-05-08 14:56,-8928814972859994512-2605080846-12,,,,,2026-05-08 16:14,,0,,,legacy
2026-05-08 14:56,-9020387200604849828-2605081335-9,RB,RB81,,,2026-05-08 14:21,,0,,,legacy
2026-05-08 14:56,-9085290573223992650-2605081722-11,RE,RE4,,,2026-05-08 18:45,,0,,,legacy
2026-05-08 14:56,-918071176924858384-2605081336-9,RB,RB41,,,2026-05-08 14:25,,0,,,legacy
2026-05-08 14:56,-988583344704703688-2605081505-2,,,,,2026-05-08 15:09,,0,,,legacy
2026-05-08 14:56,-775316054258794957-2605080534-2,,,,2026-05-08 05:45,2026-05-08 05:45,0.0,0,,,legacy
2026-05-08 14:56,-1238957731548800334-2605080805-2,,,,2026-05-08 08:10,2026-05-08 08:12,2.0,0,,,legacy
2026-05-08 14:56,-5173684688355899264-2605080441-8,,,,2026-05-08 09:15,2026-05-08 09:21,6.0,0,,,legacy
2026-05-08 14:56,-2072129182728277674-2605080712-9,,,,2026-05-08 13:36,2026-05-08 13:55,19.0,0,,,legacy
2026-05-08 14:56,-3692955521338963828-2605081055-6,,,,2026-05-08 14:01,2026-05-08 14:31,30.0,0,,,legacy
2026-05-08 14:56,-3299300215104137566-2605080849-15,,,,2026-05-08 16:11,2026-05-08 17:00,49.0,0,,,legacy
2026-05-08 15:26,1003446772902483359-2605072059-14,,,,,2026-05-08 08:03,,0,,,legacy
2026-05-08 15:26,1007082014350364628-2605080822-11,RE,RE4,,,2026-05-08 09:43,,0,,,legacy
2026-05-08 15:26,1029958765483496065-2605080917-11,RE,RE7,,,2026-05-08 11:28,,0,,,legacy
2026-05-08 15:26,1033962518134663424-2605081835-9,RB,RB41,,,2026-05-08 19:25,,0,,,legacy
2026-05-08 15:26,1046180414446080975-2605081430-6,,,,,2026-05-08 17:12,,0,,,legacy
2026-05-08 15:26,1147586189698099781-2605081635-9,RB,RB41,,,2026-05-08 17:25,,0,,,legacy
2026-05-08 15:26,1179810196779242077-2605080511-11,,,,,2026-05-08 09:39,,0,,,legacy
2026-05-08 15:26,1184509608867288236-2605081310-9,,,,,2026-05-08 19:37,,0,,,legacy
2026-05-08 15:26,1217412450643884013-2605081537-6,RE,RE30,,,2026-05-08 16:24,,0,,,legacy
2026-05-08 15:26,1238858681729946627-2605080833-7,RE,RE3,,,2026-05-08 09:37,,0,,,legacy
2026-05-08 15:26,1240458014970414586-2605080809-5,RE,RE30,,,2026-05-08 08:54,,0,,,legacy
2026-05-08 15:26,1368141755022019604-2605081222-11,RE,RE4,,,2026-05-08 13:48,,0,,,legacy
2026-05-08 15:26,1404410154918675686-2605081135-9,RB,RB81,,,2026-05-08 12:21,,0,,,legacy
2026-05-08 15:26,1481156860021844134-2605081216-7,RB,RB81,,,2026-05-08 12:49,,0,,,legacy
2026-05-08 15:26,1578146657653699899-2605081112-9,,,,,2026-05-08 17:37,,0,,,legacy
2026-05-08 15:26,1595410400684371270-2605071936-12,,,,,2026-05-08 09:09,,0,,,legacy
2026-05-08 15:26,1656507496924634446-2605081202-11,RB,RB61,,,2026-05-08 13:12,,0,,,legacy
2026-05-08 15:26,1663072533275665667-2605080441-8,,,,,2026-05-08 09:21,,0,,,legacy
2026-05-08 15:26,1663072533275665667-2605090411-8,,,,,2026-05-09 08:47,,0,,,legacy
2026-05-08 15:26,1671051126202486422-2605081253-9,RB,RB71,,,2026-05-08 13:51,,0,,,legacy
2026-05-08 15:26,1676136864232676735-2605080902-11,RB,RB61,,,2026-05-08 10:07,,0,,,legacy
2026-05-08 15:26,1868509910897110613-2605080537-15,,,,,2026-05-08 12:25,,0,,,legacy
2026-05-08 15:26,1918121920534945268-2605080935-9,RB,RB81,,,2026-05-08 10:18,,0,,,legacy
2026-05-08 15:26,1966986577936928288-2605072112-2,,,,,2026-05-08 00:12,,0,,,legacy
2026-05-08 15:26,1969652039886200745-2605081853-9,RB,RB71,,,2026-05-08 19:41,,0,,,legacy
2026-05-08 15:26,2028916425846017892-2605081605-9,RE,RE7,,,2026-05-08 17:26,,0,,,legacy
2026-05-08 15:26,2156258708694514019-2605081236-6,RE,RE3,,,2026-05-08 13:26,,0,,,legacy
2026-05-08 15:26,215763580467417321-2605080739-7,RB,RB31,,,2026-05-08 08:12,,0,,,legacy
2026-05-08 15:26,2175070727568941335-2605080817-11,RE,RE7,,,2026-05-08 10:24,,0,,,legacy
2026-05-08 15:26,2228017092216421635-2605081435-9,RB,RB81,,,2026-05-08 15:18,,0,,,legacy
2026-05-08 15:26,2281931774585630079-2605081339-7,RB,RB31,,,2026-05-08 14:10,,0,,,legacy
2026-05-08 15:26,2492357795736612436-2605081209-5,RE,RE30,,,2026-05-08 12:55,,0,,,legacy
2026-05-08 15:26,2512226212358951491-2605080616-5,,,,,2026-05-08 07:48,,0,,,legacy
2026-05-08 15:26,2674933742995769983-2605081505-8,RE,RE7,,,2026-05-08 16:24,,0,,,legacy
2026-05-08 15:26,2686007473625185344-2605080001-22,,,,,2026-05-08 10:33,,0,,,legacy
2026-05-08 15:26,2841218850592143799-2605081017-11,RE,RE7,,,2026-05-08 12:22,,0,,,legacy
2026-05-08 15:26,2897765782443439104-2605080606-2,,,,,2026-05-08 06:10,,0,,,legacy
2026-05-08 15:26,2933035166403061553-2605080734-8,RE,RE30,,,2026-05-08 08:42,,0,,,legacy
2026-05-08 15:26,3001632221308738736-2605081235-9,RB,RB41,,,2026-05-08 13:30,,0,,,legacy
2026-05-08 15:26,3015266741368553947-2605080546-6,,,,,2026-05-08 10:08,,0,,,legacy
2026-05-08 15:26,3117759776461625397-2605081254-5,,,,,2026-05-08 15:36,,0,,,legacy
2026-05-08 15:26,3119815850397800818-2605080531-8,,,,,2026-05-08 08:19,,0,,,legacy
2026-05-08 15:26,3199642534134629506-2605080741-5,RB,RB81,,,2026-05-08 08:04,,0,,,legacy
2026-05-08 15:26,3363216607810566314-2605080822-3,,,,,2026-05-08 14:42,,0,,,legacy
2026-05-08 15:26,3366099886625871029-2605081330-3,,,,,2026-05-08 14:47,,0,,,legacy
2026-05-08 15:26,3397100192751969577-2605081106-2,,,,,2026-05-08 11:14,,0,,,legacy
2026-05-08 15:26,3457443120563044576-2605081530-3,,,,,2026-05-08 16:36,,0,,,legacy
2026-05-08 15:26,3468951915484586958-2605081802-11,RB,RB61,,,2026-05-08 19:09,,0,,,legacy
2026-05-08 15:26,356937165382539921-2605081053-9,RB,RB71,,,2026-05-08 11:49,,0,,,legacy
2026-05-08 15:26,3659451569801342679-2605081136-6,RE,RE3,,,2026-05-08 12:26,,0,,,legacy
2026-05-08 15:26,3730194782886715569-2605081235-9,RB,RB81,,,2026-05-08 13:18,,0,,,legacy
2026-05-08 15:26,3781479141283747659-2605081038-2,,,,,2026-05-08 10:48,,0,,,legacy
2026-05-08 15:26,4037805516420832998-2605081238-2,,,,,2026-05-08 12:48,,0,,,legacy
2026-05-08 15:26,4145929616069539768-2605080839-7,RB,RB31,,,2026-05-08 09:23,,0,,,legacy
2026-05-08 15:26,428699380039786739-2605080723-8,,,,,2026-05-08 13:32,,0,,,legacy
2026-05-08 15:26,4524345277180079514-2605081417-11,RE,RE7,,,2026-05-08 16:24,,0,,,legacy
2026-05-08 15:26,4529325751578925480-2605080802-11,RB,RB61,,,2026-05-08 09:05,,0,,,legacy
2026-05-08 15:26,4560172541036709998-2605081512-9,,,,,2026-05-08 21:37,,0,,,legacy
2026-05-08 15:26,4783774491216229086-2605081139-7,RB,RB31,,,2026-05-08 12:10,,0,,,legacy
2026-05-08 15:26,495653515229149313-2605081439-7,RB,RB31,,,2026-05-08 15:18,,0,,,legacy
2026-05-08 15:26,496656278151264987-2605081237-8,RE,RE70,,,2026-05-08 13:55,,0,,,legacy
2026-05-08 15:26,5028473175569704025-2605080403-10,,,,,2026-05-08 10:36,,0,,,legacy
2026-05-08 15:26,5164820353604050422-2605081509-5,RE,RE30,,,2026-05-08 16:00,,0,,,legacy
2026-05-08 15:26,5186490163197231839-2605080934-2,,,,,2026-05-08 09:50,,0,,,legacy
2026-05-08 15:26,5305980712996650155-2605080717-11,RE,RE7,,,2026-05-08 09:27,,0,,,legacy
2026-05-08 15:26,5368624065780683257-2605081137-8,RE,RE70,,,2026-05-08 12:59,,0,,,legacy
2026-05-08 15:26,546102445726443994-2605080502-10,,,,,2026-05-08 11:15,,0,,,legacy
2026-05-08 15:26,5489382238418385337-2605072113-3,,,,,2026-05-07 21:25,,0,,,legacy
2026-05-08 15:26,5555371111259384160-2605080759-19,,,,,2026-05-08 17:34,,0,,,legacy
2026-05-08 15:26,5593758711446535859-2605081536-6,RE,RE3,,,2026-05-08 16:23,,0,,,legacy
2026-05-08 15:26,559445237220436541-2605080626-7,,,,,2026-05-08 09:20,,0,,,legacy
2026-05-08 15:26,5612476870594813183-2605081405-2,,,,,2026-05-08 14:10,,0,,,legacy
2026-05-08 15:26,5612767102241120411-2605080837-2,,,,,2026-05-08 08:50,,0,,,legacy
2026-05-08 15:26,5653087570567167872-2605081103-3,,,,,2026-05-08 11:23,,0,,,legacy
2026-05-08 15:26,5819505621821229464-2605080811-5,RB,RB81,,,2026-05-08 08:36,,0,,,legacy
2026-05-08 15:26,5998728119233124715-2605081337-6,RE,RE30,,,2026-05-08 14:33,,0,,,legacy
2026-05-08 15:26,6135728412348303878-2605080711-11,,,,,2026-05-08 11:42,,0,,,legacy
2026-05-08 15:26,6220447137645637542-2605080737-8,RE,RE70,,,2026-05-08 08:53,,0,,,legacy
2026-05-08 15:26,6330890959881575446-2605080953-6,,,,,2026-05-08 13:20,,0,,,legacy
2026-05-08 15:26,63634424795789903-2605081122-11,RE,RE4,,,2026-05-08 12:48,,0,,,legacy
2026-05-08 15:26,6512354943507599026-2605080503-3,,,,,2026-05-08 05:16,,0,,,legacy
2026-05-08 15:26,6533056364528985396-2605080737-6,RE,RE30,,,2026-05-08 08:26,,0,,,legacy
2026-05-08 15:26,6556339575728025668-2605081537-8,RE,RE70,,,2026-05-08 16:59,,0,,,legacy
2026-05-08 15:26,6578135918072112140-2605081306-11,RB,RB61,,,2026-05-08 14:14,,0,,,legacy
2026-05-08 15:26,6606937437181211182-2605081409-5,RE,RE30,,,2026-05-08 14:57,,0,,,legacy
2026-05-08 15:26,6610086332469437335-2605081003-3,,,,,2026-05-08 10:18,,0,,,legacy
2026-05-08 15:26,6658736939566971565-2605081116-7,RB,RB81,,,2026-05-08 11:48,,0,,,legacy
2026-05-08 15:26,6680342960452230153-2605081436-6,RE,RE3,,,2026-05-08 15:23,,0,,,legacy
2026-05-08 15:26,6700288758807829180-2605080905-2,,,,,2026-05-08 09:18,,0,,,legacy
2026-05-08 15:26,67517114520381301-2605080533-18,,,,,2026-05-08 14:26,,0,,,legacy
2026-05-08 15:26,6813734917929463684-2605081002-11,RB,RB61,,,2026-05-08 11:06,,0,,,legacy
2026-05-08 15:26,6885212790092918782-2605080631-3,,,,,2026-05-08 08:37,,0,,,legacy
2026-05-08 15:26,6954924236955692259-2605081328-18,,,,,2026-05-08 22:32,,0,,,legacy
2026-05-08 15:26,6992012378128167215-2605071855-2,,,,,2026-05-07 19:04,,0,,,legacy
2026-05-08 15:26,705193835817191755-2605081130-3,,,,,2026-05-08 12:40,,0,,,legacy
2026-05-08 15:26,7077598883490130568-2605080646-12,,,,,2026-05-08 14:07,,0,,,legacy
2026-05-08 15:26,7226977113444121927-2605081402-11,RB,RB61,,,2026-05-08 15:05,,0,,,legacy
2026-05-08 15:26,7304792284721401629-2605080936-6,RE,RE3,,,2026-05-08 10:22,,0,,,legacy
2026-05-08 15:26,7517605630292767265-2605081006-2,,,,,2026-05-08 10:13,,0,,,legacy
2026-05-08 15:26,7593351993479588000-2605081135-9,RB,RB41,,,2026-05-08 12:28,,0,,,legacy
2026-05-08 15:26,7679942365398287951-2605081702-11,RB,RB61,,,2026-05-08 18:01,,0,,,legacy
2026-05-08 15:26,7702481692019596064-2605080838-22,,,,,2026-05-08 19:34,,0,,,legacy
2026-05-08 15:26,7839939373967476089-2605081422-11,RE,RE4,,,2026-05-08 15:46,,0,,,legacy
2026-05-08 15:26,791009188262532597-2605081214-11,,10,,,2026-05-08 20:45,,0,,,legacy
2026-05-08 15:26,7911763598988154921-2605080506-2,,,,,2026-05-08 05:18,,0,,,legacy
2026-05-08 15:26,8082687733656221962-2605081137-6,RE,RE30,,,2026-05-08 12:29,,0,,,legacy
2026-05-08 15:26,8088226351077928869-2605081046-12,,,,,2026-05-08 18:14,,0,,,legacy
2026-05-08 15:26,8117886911530298430-2605081134-2,,,,,2026-05-08 11:45,,0,,,legacy
2026-05-08 15:26,8189707621727874292-2605080446-13,,,,,2026-05-08 12:06,,0,,,legacy
2026-05-08 15:26,8211754819747923131-2605081035-9,RB,RB41,,,2026-05-08 11:31,,0,,,legacy
2026-05-08 15:26,8271773676598261993-2605080635-2,,,,,2026-05-08 06:46,,0,,,legacy
2026-05-08 15:26,8319768709472249445-2605080905-8,RE,RE7,,,2026-05-08 10:24,,0,,,legacy
2026-05-08 15:26,8348866855352050821-2605071834-2,,,,,2026-05-07 21:57,,0,,,legacy
2026-05-08 15:26,8378953793614070939-2605080939-7,RB,RB31,,,2026-05-08 10:11,,0,,,legacy
2026-05-08 15:26,8382636079350254225-2605081453-9,RB,RB71,,,2026-05-08 15:41,,0,,,legacy
2026-05-08 15:26,8446345422101400263-2605081039-7,RB,RB31,,,2026-05-08 11:12,,0,,,legacy
2026-05-08 15:26,8518232099080018263-2605080402-3,,,,,2026-05-08 04:15,,0,,,legacy
2026-05-08 15:26,856699154830603595-2605080937-8,RE,RE70,,,2026-05-08 10:58,,0,,,legacy
2026-05-08 15:26,8692278081732729076-2605080853-9,RB,RB71,,,2026-05-08 09:54,,0,,,legacy
2026-05-08 15:26,8752482116785104842-2605081043-16,,,,,2026-05-08 21:56,,0,,,legacy
2026-05-08 15:26,8929512695746408772-2605081653-9,RB,RB71,,,2026-05-08 17:41,,0,,,legacy
2026-05-08 15:26,9011011619156863439-2605080928-18,,,,,2026-05-08 18:34,,0,,,legacy
2026-05-08 15:26,9043821334869580448-2605080805-2,,,,,2026-05-08 08:12,,0,,,legacy
2026-05-08 15:26,9052379201596750574-2605080805-8,RE,RE7,,,2026-05-08 09:27,,0,,,legacy
2026-05-08 15:26,9052858960919066097-2605080912-9,,,,,2026-05-08 15:53,,0,,,legacy
2026-05-08 15:26,9218312428552671141-2605081502-11,RB,RB61,,,2026-05-08 16:05,,0,,,legacy
2026-05-08 15:26,937531600424895578-2605080549-14,,,,,2026-05-08 12:33,,0,,,legacy
2026-05-08 15:26,8048568335527513663-2605071728-11,,,,2026-05-08 05:49,2026-05-08 07:26,97.0,0,,,legacy
2026-05-08 15:26,8503777394879306018-2605072315-15,,,,2026-05-08 07:08,2026-05-08 07:55,47.0,0,,,legacy
2026-05-08 15:26,6633447853206846937-2605080531-8,,,,2026-05-08 08:15,2026-05-08 08:19,4.0,0,,,legacy
2026-05-08 15:26,2902741655104830964-2605080403-10,,,,2026-05-08 10:36,2026-05-08 10:36,0.0,0,,,legacy
2026-05-08 15:26,2174157627900790978-2605081106-2,,,,2026-05-08 11:10,2026-05-08 11:14,4.0,0,,,legacy
2026-05-08 15:26,94218488848062299-2605080845-5,,10,,2026-05-08 12:34,2026-05-08 15:34,180.0,0,,,legacy
2026-05-08 15:26,7337486202766705925-2605081130-3,,,,2026-05-08 12:36,2026-05-08 12:40,4.0,0,,,legacy
2026-05-08 15:26,9111454946673009014-2605080631-14,,,,2026-05-08 13:12,2026-05-08 13:40,28.0,0,,,legacy
2026-05-08 15:26,6823956793329269341-2605080822-8,,,,2026-05-08 14:33,2026-05-08 14:42,9.0,0,,,legacy
2026-05-08 15:26,5446676395577831400-2605080805-10,,,,2026-05-08 14:36,2026-05-08 14:37,1.0,0,,,legacy
2026-05-08 15:26,6401604592044501545-2605081505-2,,,,2026-05-08 15:10,2026-05-08 15:11,1.0,0,,,legacy
2026-05-08 15:26,2825410077726988239-2605080912-9,,,,2026-05-08 15:36,2026-05-08 15:53,17.0,0,,,legacy
2026-05-08 15:26,7477802392156268706-2605081406-10,,,,2026-05-08 20:36,2026-05-08 20:36,0.0,0,,,legacy
2026-05-08 15:26,8048568335527513663-2605081729-11,,,,2026-05-09 05:53,2026-05-09 07:11,78.0,0,,,legacy
2026-08-25 12:17,9011218217436282603-2608250346-10,RB,RB41,,,2026-08-25 04:47,,0,,,legacy
2026-08-25 12:17,9034693412834794181-2608250425-5,RB,RB81,,,2026-08-25 04:48,,0,,,legacy
2026-08-25 13:17,6057671368361283681-2608250354-14,RE,RE1,,,2026-08-25 05:20,,0,,,legacy
2026-08-25 13:17,8104519730754987199-2608250435-9,RB,RB81,,,2026-08-25 05:19,,0,,,legacy
2026-08-25 14:17,6183801689417187664-2608250537-6,RE,RE80,,,2026-08-25 06:24,,0,,,legacy
2026-08-25 14:17,635156796628650000-2608250535-9,RB,RB81,,,2026-08-25 06:18,,0,,,legacy
2026-08-25 14:17,8209469800275406026-2608242201-11,,,,,2026-08-25 06:59,,0,,,legacy
2026-08-25 14:17,8312262657501080380-2608250611-5,RB,RB81,,,2026-08-25 06:34,,0,,,legacy
2026-08-25 14:17,8503777394879306018-2608242322-18,,,,,2026-08-25 06:50,,0,,,legacy
2026-08-25 14:32,1007082014350364628-2608250833-6,RE,RE4,,,2026-08-25 09:45,,0,,,legacy
2026-08-25 14:32,1170763571226731300-2608251200-7,RE,RE3,,,2026-08-25 13:10,,0,,,legacy
2026-08-25 14:32,1179810196779242077-2608250511-8,,,,,2026-08-25 09:15,,0,,,legacy
2026-08-25 14:32,1240458014970414586-2608250809-5,RE,RE8,,,2026-08-25 08:54,,0,,,legacy
2026-08-25 14:32,1243639550107319833-2608251134-10,RE,RE8,,,2026-08-25 12:54,,0,,,legacy
2026-08-25 14:32,1281388068759757233-2608250859-15,RB,RB41,,,2026-08-25 10:27,,0,,,legacy
2026-08-25 14:32,1361633804245822835-2608250757-15,RB,RB41,,,2026-08-25 09:27,,0,,,legacy
2026-08-25 14:32,1368141755022019604-2608251233-6,RE,RE4,,,2026-08-25 13:46,,0,,,legacy
2026-08-25 14:32,1404410154918675686-2608251135-9,RB,RB81,,,2026-08-25 12:18,,0,,,legacy
2026-08-25 14:32,1481156860021844134-2608251216-7,RB,RB81,,,2026-08-25 12:48,,0,,,legacy
2026-08-25 14:32,1526194876276388981-2608251100-7,RE,RE3,,,2026-08-25 12:12,,0,,,legacy
2026-08-25 14:32,1603666421141868109-2608250632-2,,,,,2026-08-25 08:37,,0,,,legacy
2026-08-25 14:32,1663072533275665667-2608250441-9,,,,,2026-08-25 08:40,,0,,,legacy
2026-08-25 14:32,1760950469303232552-2608251157-15,RB,RB41,,,2026-08-25 13:28,,0,,,legacy
2026-08-25 14:32,1868509910897110613-2608250537-11,,,,,2026-08-25 11:51,,0,,,legacy
2026-08-25 14:32,1918121920534945268-2608250935-9,RB,RB81,,,2026-08-25 10:19,,0,,,legacy
2026-08-25 14:32,1980048163959817893-2608250709-5,RE,RE8,,,2026-08-25 07:54,,0,,,legacy
2026-08-25 14:32,2686007473625185344-2608242341-21,,,,,2026-08-25 11:09,,0,,,legacy
2026-08-25 14:32,2790068655146168328-2608251234-10,RE,RE8,,,2026-08-25 13:53,,0,,,legacy
2026-08-25 14:32,2933035166403061553-2608250734-8,RE,RE8X,,,2026-08-25 08:42,,0,,,legacy
2026-08-25 14:32,3022098769984207831-2608252008-20,RE,RE1,,,2026-08-25 22:37,,0,,,legacy
2026-08-25 14:32,3046077902404772122-2608251457-15,RB,RB41,,,2026-08-25 16:25,,0,,,legacy
2026-08-25 14:32,3087725302526898449-2608250609-14,RE,RE1,,,2026-08-25 07:39,,0,,,legacy
2026-08-25 14:32,3119815850397800818-2608250520-5,,,,,2026-08-25 07:27,,0,,,legacy
2026-08-25 14:32,3145412745633294450-2608251045-17,,,,,2026-08-25 20:31,,0,,,legacy
2026-08-25 14:32,3199642534134629506-2608250741-5,RB,RB81,,,2026-08-25 08:04,,0,,,legacy
2026-08-25 14:32,3289590894641015028-2608251259-15,RB,RB41,,,2026-08-25 14:25,,0,,,legacy
2026-08-25 14:32,3329985105991611158-2608251445-18,,,,,2026-08-26 00:48,,0,,,legacy
2026-08-25 14:32,3366099886625871029-2608251400-3,,,,,2026-08-25 15:26,,0,,,legacy
2026-08-25 14:32,3504736514239542448-2608250608-20,RE,RE1,,,2026-08-25 08:47,,0,,,legacy
2026-08-25 14:32,3692109744041502627-2608251557-15,RB,RB41,,,2026-08-25 17:25,,0,,,legacy
2026-08-25 14:32,3730194782886715569-2608251235-9,RB,RB81,,,2026-08-25 13:19,,0,,,legacy
2026-08-25 14:32,4199864035703836662-2608250641-5,RB,RB81,,,2026-08-25 07:04,,0,,,legacy
2026-08-25 14:32,428699380039786739-2608250722-8,,,,,2026-08-25 12:43,,0,,,legacy
2026-08-25 14:32,4365224433668002406-2608250634-5,RE,RE1,,,2026-08-25 07:08,,0,,,legacy
2026-08-25 14:32,4398784672468349193-2608250642-17,,,,,2026-08-25 16:32,,0,,,legacy
2026-08-25 14:32,4444191826229498762-2608250713-7,RB,RB81,,,2026-08-25 07:53,,0,,,legacy
2026-08-25 14:32,4466454696973530812-2608250938-4,,,,,2026-08-25 13:59,,0,,,legacy
2026-08-25 14:32,461842432856454146-2608251057-15,RB,RB41,,,2026-08-25 12:27,,0,,,legacy
2026-08-25 14:32,4733426678694405219-2608250700-7,RE,RE3,,,2026-08-25 08:07,,0,,,legacy
2026-08-25 14:32,5177481596805362451-2608250726-7,RE,RE3,,,2026-08-25 08:28,,0,,,legacy
2026-08-25 14:32,5294570055348083618-2608251408-20,RE,RE1,,,2026-08-25 16:38,,0,,,legacy
2026-08-25 14:32,546102445726443994-2608250502-10,,,,,2026-08-25 10:31,,0,,,legacy
2026-08-25 14:32,5555371111259384160-2608250759-16,,,,,2026-08-25 17:26,,0,,,legacy
2026-08-25 14:32,5593758711446535859-2608251534-10,RB,RB31,,,2026-08-25 16:20,,0,,,legacy
2026-08-25 14:32,5795328241854656879-2608250657-15,RB,RB41,,,2026-08-25 08:26,,0,,,legacy
2026-08-25 14:32,5819505621821229464-2608250811-5,RB,RB81,,,2026-08-25 08:34,,0,,,legacy
2026-08-25 14:32,5847648822533792755-2608251600-7,RE,RE3,,,2026-08-25 17:05,,0,,,legacy
2026-08-25 14:32,5926379620860043859-2608250637-6,RE,RE80,,,2026-08-25 07:25,,0,,,legacy
2026-08-25 14:32,5998728119233124715-2608251337-6,RE,RE80,,,2026-08-25 14:24,,0,,,legacy
2026-08-25 14:32,6162665181296755688-2608250834-10,RE,RE8,,,2026-08-25 09:54,,0,,,legacy
2026-08-25 14:32,63634424795789903-2608251133-6,RE,RE4,,,2026-08-25 12:45,,0,,,legacy
2026-08-25 14:32,6533056364528985396-2608250737-6,RE,RE80,,,2026-08-25 08:24,,0,,,legacy
2026-08-25 14:32,6658736939566971565-2608251116-7,RB,RB81,,,2026-08-25 11:48,,0,,,legacy
2026-08-25 14:32,6680342960452230153-2608251434-10,RB,RB31,,,2026-08-25 15:20,,0,,,legacy
2026-08-25 14:32,67517114520381301-2608250533-17,,,,,2026-08-25 14:40,,0,,,legacy
2026-08-25 14:32,6756492642009796517-2608250900-7,RE,RE3,,,2026-08-25 10:08,,0,,,legacy
2026-08-25 14:32,6885212790092918782-2608250627-5,,,,,2026-08-25 08:04,,0,,,legacy
2026-08-25 14:32,6953208858522139559-2608250626-8,RE,RE4,,,2026-08-25 07:45,,0,,,legacy
2026-08-25 14:32,6954924236955692259-2608251328-17,,,,,2026-08-25 22:15,,0,,,legacy
2026-08-25 14:32,6965977597588668560-2608251634-10,RE,RE8,,,2026-08-25 17:53,,0,,,legacy
2026-08-25 14:32,7077598883490130568-2608250646-12,,,,,2026-08-25 13:58,,0,,,legacy
2026-08-25 14:32,7250182275527337662-2608250602-3,,,,,2026-08-25 09:39,,0,,,legacy
2026-08-25 14:32,735896325928713766-2608250525-14,,,,,2026-08-25 13:17,,0,,,legacy
2026-08-25 14:32,7654086924896758852-2608251357-15,RB,RB41,,,2026-08-25 15:25,,0,,,legacy
2026-08-25 14:32,7702481692019596064-2608250808-19,,,,,2026-08-25 19:16,,0,,,legacy
2026-08-25 14:32,776874307993202871-2608251246-12,,,,,2026-08-25 19:29,,0,,,legacy
2026-08-25 14:32,7839939373967476089-2608251433-6,RE,RE4,,,2026-08-25 15:45,,0,,,legacy
2026-08-25 14:32,8082687733656221962-2608251137-6,RE,RE80,,,2026-08-25 12:24,,0,,,legacy
2026-08-25 14:32,8088226351077928869-2608251046-12,,,,,2026-08-25 17:29,,0,,,legacy
2026-08-25 14:32,8107144397756921140-2608251657-15,RB,RB41,,,2026-08-25 18:25,,0,,,legacy
2026-08-25 14:32,8189707621727874292-2608250446-13,,,,,2026-08-25 11:34,,0,,,legacy
2026-08-25 14:32,8949520845491321748-2608251402-3,,,,,2026-08-25 17:37,,0,,,legacy
2026-08-25 14:32,9011011619156863439-2608250928-17,,,,,2026-08-25 18:15,,0,,,legacy
2026-08-25 14:32,4696038296858241100-2608250630-9,,,,2026-08-25 10:42,2026-08-25 10:44,2.0,0,,,legacy
2026-08-25 14:32,6135728412348303878-2608250711-8,,,,2026-08-25 11:16,2026-08-25 11:50,34.0,0,,,legacy
2026-08-25 14:32,937531600424895578-2608250549-13,,,,2026-08-25 12:15,2026-08-25 13:03,48.0,0,,,legacy
2026-08-25 14:32,447938119982214821-2608250649-11,,,,2026-08-25 13:24,2026-08-25 13:33,9.0,0,,,legacy
2026-08-25 14:32,5716803050799369679-2608250938-4,,,,2026-08-25 13:36,2026-08-25 13:59,23.0,0,,,legacy
2026-08-25 14:32,49994921898646061-2608250649-13,,,,2026-08-25 14:26,2026-08-25 14:46,20.0,0,,,legacy
2026-08-25 14:32,1071198608348541884-2608250642-17,,,,2026-08-25 16:26,2026-08-25 16:32,6.0,0,,,legacy
2026-08-25 14:32,7862486947361249708-2608251045-17,,,,2026-08-25 20:26,2026-08-25 20:31,5.0,0,,,legacy
2026-08-25 14:32,5615339553754687099-2608251445-18,,,,2026-08-26 00:44,2026-08-26 00:48,4.0,0,,,legacy
2026-08-25 14:32,7527429007356113560-2608251445-18,,,,2026-08-26 00:44,2026-08-26 00:48,4.0,0,,,legacy
2026-09-08 11:04,2774174590951633862-2609072225-3,,,,,2026-09-07 22:41,,0,,,live
2026-09-08 12:19,-5967924537871298080-2609080308-8,,RE70,,,2026-09-08 04:24,,0,11,,live
2026-09-08 12:19,9011218217436282603-2609080346-10,,RB41,,,2026-09-08 04:52,,0,12A-B,,live
2026-09-08 12:19,9034693412834794181-2609080425-5,,RB81,,,2026-09-08 04:49,,0,,,live
2026-09-08 13:19,-2392591812561718951-2609080453-9,,RB71,,,2026-09-08 05:42,,0,,,live
2026-09-08 13:19,-3431387958325342246-2609080408-12,,RB31,,,2026-09-08 05:24,,0,13A-C,,live
2026-09-08 13:19,-4204938752686762051-2609080516-7,,RB81,,,2026-09-08 05:48,,0,,,live
2026-09-08 13:19,-4394323290879927050-2609080402-9,,RE7,,,2026-09-08 05:21,,0,,,live
2026-09-08 13:19,-6641565464322350027-2609080402-11,,RB61,,,2026-09-08 05:08,,0,6D-F,,live
2026-09-08 13:19,-7877843962657609673-2609080509-5,,RE8,,,2026-09-08 05:53,,0,,,live
2026-09-08 13:19,-810019226678636451-2609080437-6,,RE80,,,2026-09-08 05:29,,0,,,live
2026-09-08 13:19,6057671368361283681-2609080354-14,,RE1,,,2026-09-08 05:21,,0,7A-D,,live
2026-09-08 13:19,7189731386577736318-2609080430-10,,RB41,,,2026-09-08 05:31,,0,,,live
2026-09-08 13:19,8104519730754987199-2609080435-9,,RB81,,,2026-09-08 05:25,,0,,,live
2026-09-08 14:19,-1237890003819403071-2609080502-11,,RB61,,,2026-09-08 06:08,,0,,,live
2026-09-08 14:19,-1315291057735484737-2609080552-8,,RB31,,,2026-09-08 06:52,,0,8,,live
2026-09-08 14:19,-1906309101737004298-2609080457-15,,RB41,,,2026-09-08 06:25,,0,11,,live
2026-09-08 14:19,-5254998360538564707-2609080528-8,,RE4,,,2026-09-08 06:47,,0,12A-B,,live
2026-09-08 14:19,-6478930024086118346-2609080408-20,,RE1,,,2026-09-08 06:32,,0,,,live
2026-09-08 14:19,-6961852970408451758-2609080616-7,,RB81,,,2026-09-08 06:48,,0,,,live
2026-09-08 14:19,-8389170061218175037-2609080500-7,,RE3,,,2026-09-08 06:09,,0,14,,live
2026-09-08 14:19,-8594749958192812225-2609080535-9,,RB31,,,2026-09-08 06:23,,0,12A-B,,live
2026-09-08 14:19,-9105898598852946278-2609080505-8,,RE7,,,2026-09-08 06:24,,0,,,live
2026-09-08 14:19,2648435496848007442-2609080537-8,,RE70,,,2026-09-08 06:51,,0,,,live
2026-09-08 14:19,3941548061613216885-2609072111-2,,,,,2026-09-07 23:58,,0,7,,live
2026-09-08 14:19,4027597505005764864-2609080526-7,,RE3,,,2026-09-08 06:43,,0,,,live
2026-09-08 14:19,5926473462606976417-2609071926-3,,,,,2026-09-07 19:40,,0,13,,live
2026-09-08 14:19,6183801689417187664-2609080537-6,,RE80,,,2026-09-08 06:30,,0,,,live
2026-09-08 14:19,635156796628650000-2609080535-9,,RB81,,,2026-09-08 06:19,,0,,,live
2026-09-08 14:19,6567724901549400999-2609080553-9,,RB71,,,2026-09-08 06:45,,0,,,live
2026-09-08 14:19,733390681906884060-2609080509-13,,RE5,,,2026-09-08 06:56,,0,13A-C,,live
2026-09-08 14:19,7597089806492032299-2609072220-2,,,,,2026-09-07 22:26,,0,,,live
2026-09-08 14:19,7651668250587456068-2609080433-15,,RB41,,,2026-09-08 06:04,,0,,,live
2026-09-08 14:19,8136190555525882553-2609080417-11,,RE7,,,2026-09-08 06:24,,0,,,live
2026-09-08 14:19,8312262657501080380-2609080611-5,,RB81,,,2026-09-08 06:37,,0,,,live
2026-09-08 15:19,-1189483806781971425-2609080549-13,,RE5,,,2026-09-08 07:50,,0,11D-F,,live
2026-09-08 15:19,-135934637287446585-2609080557-15,,RB41,,,2026-09-08 07:31,,0,,,live
2026-09-08 15:19,-3583315075191368408-2609080712-7,,RB41,,,2026-09-08 07:53,,0,,,live
2026-09-08 15:19,-3673703112161372974-2609080609-10,,RB41,,,,,1,,,live
2026-09-08 15:19,-4780306928560468597-2609071625-12,,,,,2026-09-08 05:05,,0,,,live
2026-09-08 15:19,-591780081192487579-2609080534-10,,RE8,,,2026-09-08 06:59,,0,,,live
2026-09-08 15:19,-6026100001913276581-2609080605-7,,RE3,,,2026-09-08 07:08,,0,14A-C,,live
2026-09-08 15:19,-61162464930520183-2609080517-11,,RE7,,,2026-09-08 07:21,,0,,,live
2026-09-08 15:19,-6769015484755647586-2609080626-7,,RE3,,,2026-09-08 07:32,,0,,,live
2026-09-08 15:19,-7403540165833005095-2609080635-9,,RB81,,,2026-09-08 07:29,,0,,,live
2026-09-08 15:19,-7855767983278073293-2609080711-5,,RB81,,,2026-09-08 07:40,,0,,,live
2026-09-08 15:19,-8237034450104717281-2609072155-3,,,,,2026-09-08 05:04,,0,,,live
2026-09-08 15:19,-8254610297767882258-2609080634-9,,RB31,,,2026-09-08 07:27,,0,,,live
2026-09-08 15:19,-9071384910044894170-2609080634-8,,RE8X,,,2026-09-08 07:45,,0,,,live
2026-09-08 15:19,-9218627476631391022-2609080605-8,,RE7,,,2026-09-08 07:21,,0,,,live
2026-09-08 15:19,1501460796885002383-2609080653-9,,RB71,,,2026-09-08 07:44,,0,,,live
2026-09-08 15:19,1980048163959817893-2609080709-5,,RE8,,,2026-09-08 07:56,,0,,,live
2026-09-08 15:19,3087725302526898449-2609080609-14,,RE1,,,2026-09-08 07:43,,0,,,live
2026-09-08 15:19,3119815850397800818-2609080520-5,,,,,2026-09-08 07:26,,0,,,live
2026-09-08 15:19,4199864035703836662-2609080641-5,,RB81,,,2026-09-08 07:08,,0,,,live
2026-09-08 15:19,4365224433668002406-2609080634-5,,RE1,,,2026-09-08 07:11,,0,,,live
2026-09-08 15:19,4444191826229498762-2609080713-7,,RB81,,,2026-09-08 07:53,,0,5,,live
2026-09-08 15:19,4682136619533968759-2609080602-11,,RB61,,,2026-09-08 07:02,,0,,,live
2026-09-08 15:19,5926379620860043859-2609080637-6,,RE80,,,2026-09-08 07:31,,0,,,live
2026-09-08 15:19,6953208858522139559-2609080626-8,,RE4,,,2026-09-08 07:47,,0,,,live
2026-09-08 15:19,7320984570293106503-2609080637-8,,RE70,,,2026-09-08 07:50,,0,,,live
2026-09-08 15:19,8378964858681142361-2609080609-13,,RE5,,,2026-09-08 07:56,,0,,,live
2026-09-08 15:19,8503777394879306018-2609072328-16,,,,,2026-09-08 06:55,,0,,,live
2026-09-08 16:19,-1047382441565348511-2609080806-9,,RB31,,,,,1,,,live
2026-09-08 16:19,-1151538930163409874-2609080813-7,,RB81,,,2026-09-08 08:48,,0,,,live
2026-09-08 16:19,-1275104846797668518-2609080735-9,,RB81,,,2026-09-08 08:19,,0,,,live
2026-09-08 16:19,-1656742390364091013-2609080734-9,,RB31,,,2026-09-08 08:22,,0,,,live
2026-09-08 16:19,-1822966271854478829-2609080337-10,,,,,2026-09-08 08:33,,0,,,live
2026-09-08 16:19,-2275836909676922659-2609080733-6,,RE4,,,2026-09-08 08:56,,0,,,live
2026-09-08 16:19,-3240225646070436331-2609080649-13,,RE5,,,2026-09-08 08:41,,0,,,live
2026-09-08 16:19,-463388714619476373-2609080734-4,,RE4,,,2026-09-08 08:37,,0,,,live
2026-09-08 16:19,-5138192615591901711-2609080617-11,,RE7,,,2026-09-08 08:19,,0,,,live
2026-09-08 16:19,-6468886972191162920-2609080702-11,,RB61,,,2026-09-08 08:06,,0,,,live
2026-09-08 16:19,-6531275544337293034-2609080753-9,,RB71,,,2026-09-08 08:43,,0,,,live
2026-09-08 16:19,-7385034857744471466-2609080713-8,,RB31,,,2026-09-08 08:00,,0,,,live
2026-09-08 16:19,-8657950163252962648-2609080705-8,,RE7,,,2026-09-08 08:19,,0,,,live
2026-09-08 16:19,1235622964461153188-2609080558-6,,,,,2026-09-08 08:11,,0,,,live
2026-09-08 16:19,1240458014970414586-2609080809-5,,RE8,,,2026-09-08 08:54,,0,,,live
2026-09-08 16:19,1603666421141868109-2609080632-2,,,,,2026-09-08 08:23,,0,6,,live
2026-09-08 16:19,2933035166403061553-2609080734-8,,RE8X,,,2026-09-08 08:42,,0,,,live
2026-09-08 16:19,3199642534134629506-2609080741-5,,RB81,,,2026-09-08 08:15,,0,,,live
2026-09-08 16:19,3504736514239542448-2609080608-20,,RE1,,,2026-09-08 08:49,,0,,,live
2026-09-08 16:19,3633423506968040756-2609080536-2,,,,,2026-09-08 05:47,,0,12,,live
2026-09-08 16:19,4733426678694405219-2609080700-7,,RE3,,,2026-09-08 08:11,,0,,,live
2026-09-08 16:19,5177481596805362451-2609080726-7,,RE3,,,,,1,,,live
2026-09-08 16:19,5355727666584568311-2609080734-5,,RE1,,,2026-09-08 08:08,,0,,,live
2026-09-08 16:19,5795328241854656879-2609080657-15,,RB41,,,2026-09-08 08:26,,0,,,live
2026-09-08 16:19,5819505621821229464-2609080811-5,,RB81,,,2026-09-08 08:34,,0,,,live
2026-09-08 16:19,6220447137645637542-2609080737-8,,RE70,,,2026-09-08 08:54,,0,,,live
2026-09-08 16:19,6533056364528985396-2609080737-6,,RE80,,,2026-09-08 08:27,,0,5A-C,,live
2026-09-08 16:19,6885212790092918782-2609080627-5,,,,,2026-09-08 08:04,,1,,,live
2026-09-08 16:19,6992012378128167215-2609071955-3,,,,,2026-09-07 20:08,,0,,,live
2026-09-08 16:19,6256323266216052925-2609080700-4,,RE4,,2026-09-08 07:30,2026-09-08 08:15,45,0,,,live
2026-09-08 16:19,-6238415479967927281-2609080648-7,,RE3,,2026-09-08 07:41,2026-09-08 08:19,,1,,,live
2026-09-08 16:19,-5591597380485360579-2609072059-15,,,,2026-09-08 07:53,2026-09-08 08:36,43,0,11,,live
2026-09-08 16:19,1003446772902483359-2609072059-15,,,,2026-09-08 07:53,2026-09-08 08:36,43,0,11,,live
2026-09-08 17:19,-121286730437505369-2609080445-9,,,,,2026-09-08 09:54,,0,13,,live
2026-09-08 17:19,-2081579378438234204-2609080659-7,,,,,2026-09-08 09:34,,0,12,,live
2026-09-08 17:19,-2382111738141764899-2609080809-13,,RE5,,,2026-09-08 09:59,,0,,,live
2026-09-08 17:19,-4451989855667796403-2609080906-5,,RE1,,,2026-09-08 09:41,,0,,,live
2026-09-08 17:19,-4788303791955844301-2609080800-7,,RE3,,,2026-09-08 09:20,,0,,,live
2026-09-08 17:19,-5358270556532704414-2609080834-9,,RB31,,,2026-09-08 09:29,,0,,,live
2026-09-08 17:19,-7240898703310175045-2609080837-6,,RE80,,,2026-09-08 09:25,,0,,,live
2026-09-08 17:19,-750532183628151839-2609080834-5,,RE1,,,2026-09-08 09:10,,0,,,live
2026-09-08 17:19,-7763829618738350329-2609080835-9,,RB81,,,2026-09-08 09:18,,0,,,live
2026-09-08 17:19,1007082014350364628-2609080833-6,,RE4,,,2026-09-08 09:46,,0,12A-B,,live
2026-09-08 17:19,1179810196779242077-2609080511-9,,,,,2026-09-08 09:22,,0,,,live
2026-09-08 17:19,1361633804245822835-2609080757-15,,RB41,,,2026-09-08 09:31,,0,,,live
2026-09-08 17:19,4529325751578925480-2609080802-11,,RB61,,,2026-09-08 09:08,,0,,,live
2026-09-08 17:19,5305980712996650155-2609080717-11,,RE7,,,2026-09-08 09:24,,0,,,live
2026-09-08 17:19,7511148090173910504-2609080412-3,,,,,2026-09-08 04:26,,0,,,live
2026-09-08 17:19,8692278081732729076-2609080853-9,,RB71,,,2026-09-08 09:49,,0,12C-F,,live
2026-09-08 17:19,9052379201596750574-2609080805-8,,RE7,,,2026-09-08 09:24,,0,,,live
2026-09-08 17:19,7383730123361994965-2609072252-11,,,,2026-09-08 07:05,2026-09-08 09:06,121,0,14,,live
2026-09-08 17:19,8209469800275406026-2609072252-11,,,,2026-09-08 07:05,2026-09-08 09:06,121,0,14,,live
2026-09-08 17:19,-7058442198521206872-2609071836-13,,,,2026-09-08 08:38,2026-09-08 09:33,55,0,,,live
2026-09-08 17:19,-8677182982400525824-2609072030-14,,,,2026-09-08 08:38,2026-09-08 09:33,55,0,,,live
2026-09-08 17:19,-7175223189646285482-2609080829-7,,RB41,,2026-09-08 09:05,2026-09-08 09:46,41,0,11A-C,,live
2026-09-08 17:19,2903563493362302378-2609080546-6,,,,2026-09-08 09:29,2026-09-08 09:54,25,0,13,,live
2026-09-08 17:49,-1592057700459732081-2609080517-3,,,,,2026-09-08 05:37,,0,,,live
2026-09-08 17:49,-2298726232551513565-2609080957-15,,RB41,,,2026-09-08 11:38,,0,13A-C,,live
2026-09-08 17:49,-3171428142048177713-2609080511-10,,,,,2026-09-08 11:04,,0,,,live
2026-09-08 17:49,-4022866577318711827-2609081005-8,,RE7,,,2026-09-08 11:23,,0,,,live
2026-09-08 17:49,-4229753936075266247-2609080937-6,,RE80,,,2026-09-08 10:33,,0,,,live
2026-09-08 17:49,-4526666360188253894-2609080808-20,,RE1,,,2026-09-08 10:47,,0,,,live
2026-09-08 17:49,-4976880781789089102-2609080916-7,,RB81,,,2026-09-08 10:10,,0,,,live
2026-09-08 17:49,-521217330813819261-2609072156-3,,,,,2026-09-07 22:07,,0,,,live
2026-09-08 17:49,-537957746364217611-2609081037-8,,RE70,,,2026-09-08 11:51,,0,,,live
2026-09-08 17:49,-540664132931935474-2609080653-5,,,,,2026-09-08 10:32,,0,11,,live
2026-09-08 17:49,-5486357965950019401-2609081037-6,,RE80,,,2026-09-08 11:43,,1,,,live
2026-09-08 17:49,-5959358126767996816-2609081000-7,,RE3,,,2026-09-08 11:09,,0,,,live
2026-09-08 17:49,-6051409117345262240-2609080837-8,,RE70,,,2026-09-08 10:04,,0,,,live
2026-09-08 17:49,-6570859996030125968-2609080934-10,,RE8,,,2026-09-08 10:59,,0,,,live
2026-09-08 17:49,-683754151173195972-2609081016-7,,RB81,,,2026-09-08 10:57,,0,,,live
2026-09-08 17:49,-7935312781145201778-2609081035-9,,RB81,,,2026-09-08 11:19,,0,,,live
2026-09-08 17:49,-8011164337776733770-2609081033-6,,RE4,,,2026-09-08 11:45,,0,,,live
2026-09-08 17:49,-8018116824080471880-2609071955-3,,,,,2026-09-07 20:08,,0,,,live
2026-09-08 17:49,-8258926274084365972-2609080953-9,,RB71,,,2026-09-08 10:46,,0,,,live
2026-09-08 17:49,-8882657082382035783-2609080933-6,,RE4,,,2026-09-08 10:44,,0,,,live
2026-09-08 17:49,-8919754022988888966-2609081034-10,,RE8,,,2026-09-08 11:54,,0,,,live
2026-09-08 17:49,-9112879062242116682-2609081106-5,,RE1,,,2026-09-08 11:38,,0,,,live
2026-09-08 17:49,1029958765483496065-2609080917-11,,RE7,,,2026-09-08 11:23,,0,,,live
2026-09-08 17:49,1281388068759757233-2609080859-15,,RB41,,,2026-09-08 10:30,,0,,,live
2026-09-08 17:49,1663072533275665667-2609080441-9,,,,,2026-09-08 08:55,,0,11,,live
2026-09-08 17:49,1676136864232676735-2609080902-11,,RB61,,,2026-09-08 10:10,,0,,,live
2026-09-08 17:49,1868509910897110613-2609080537-11,,,,,2026-09-08 11:32,,0,,,live
2026-09-08 17:49,1918121920534945268-2609080935-9,,RB81,,,2026-09-08 10:31,,0,,,live
2026-09-08 17:49,2175070727568941335-2609080817-11,,RE7,,,2026-09-08 10:42,,0,,,live
2026-09-08 17:49,2686007473625185344-2609080001-21,,,,,2026-09-08 10:23,,0,,,live
2026-09-08 17:49,356937165382539921-2609081053-9,,RB71,,,2026-09-08 11:41,,0,,,live
2026-09-08 17:49,4180424140630502365-2609080521-2,,,,,2026-09-08 05:29,,0,,,live
2026-09-08 17:49,4423248224118207012-2609081009-13,,RE5,,,2026-09-08 11:56,,0,,,live
2026-09-08 17:49,5028473175569704025-2609080403-11,,,,,2026-09-08 10:10,,0,,,live
2026-09-08 17:49,546102445726443994-2609080502-10,,,,,2026-09-08 10:37,,0,12,,live
2026-09-08 17:49,5489382238418385337-2609072156-3,,,,,2026-09-07 22:07,,0,,,live
2026-09-08 17:49,6135728412348303878-2609080711-9,,,,,2026-09-08 11:15,,0,,,live
2026-09-08 17:49,6162665181296755688-2609080834-10,,RE8,,,2026-09-08 10:14,,0,,,live
2026-09-08 17:49,6658736939566971565-2609081116-7,,RB81,,,2026-09-08 11:52,,0,,,live
2026-09-08 17:49,6756492642009796517-2609080900-7,,RE3,,,2026-09-08 10:18,,0,,,live
2026-09-08 17:49,6813734917929463684-2609081002-11,,RB61,,,2026-09-08 11:11,,0,,,live
2026-09-08 17:49,8189707621727874292-2609080446-13,,,,,2026-09-08 11:39,,0,,,live
2026-09-08 17:49,8319768709472249445-2609080905-8,,RE7,,,2026-09-08 10:42,,0,,,live
2026-09-08 17:49,856699154830603595-2609080937-8,,RE70,,,2026-09-08 11:02,,0,,,live
2026-09-08 17:49,8650302694209898727-2609080909-13,,RE5,,,2026-09-08 11:12,,1,,,live
2026-09-08 17:49,-1039266865788575878-2609080731-5,,,,,2026-09-08 09:17,,0,8,,live
2026-09-08 17:49,-1170383355919601488-2609081305-8,,RE7,,,2026-09-08 14:21,,0,,,live
2026-09-08 17:49,-1418573917290258550-2609081416-7,,RB81,,,2026-09-08 14:50,,0,,,live
2026-09-08 17:49,-1885299607346709500-2609080831-10,,,,,2026-09-08 14:27,,0,,,live
2026-09-08 17:49,-1928754627191023814-2609080616-3,,,,,2026-09-08 07:31,,0,,,live
2026-09-08 17:49,-1931865637326654156-2609081306-5,,RE1,,,2026-09-08 13:37,,0,,,live
2026-09-08 17:49,-2019839073025463546-2609081353-9,,RB71,,,2026-09-08 14:50,,1,,,live
2026-09-08 17:49,-2053455840597925551-2609081117-11,,RE7,,,2026-09-08 13:38,,1,,,live
2026-09-08 17:49,-2125895193974483860-2609081205-8,,RE7,,,2026-09-08 13:22,,0,,,live
2026-09-08 17:49,-2236082770520034141-2609080822-7,,,,,,,1,,,live
2026-09-08 17:49,-2600806661377466654-2609081237-6,,RE80,,,2026-09-08 13:24,,0,,,live
2026-09-08 17:49,-3212205364154915817-2609080609-11,,,,,2026-09-08 11:58,,0,,,live
2026-09-08 17:49,-3783829201967449571-2609080617-3,,,,,2026-09-08 06:36,,0,,,live
2026-09-08 17:49,-4211027881444132736-2609081337-8,,RE70,,,2026-09-08 14:59,,1,,,live
2026-09-08 17:49,-4212522544061880680-2609081102-11,,RB61,,,2026-09-08 12:09,,0,,,live
2026-09-08 17:49,-4241531394840947764-2609081334-10,,RE8,,,2026-09-08 14:54,,0,,,live
2026-09-08 17:49,-4803413020616385260-2609080936-2,,,,,2026-09-08 09:57,,0,,,live
2026-09-08 17:49,-4832530349883608553-2609081153-9,,RB71,,,2026-09-08 12:49,,0,,,live
2026-09-08 17:49,-5345756847556552176-2609081300-7,,RE3,,,2026-09-08 14:15,,0,,,live
2026-09-08 17:49,-6830790016000204290-2609081316-7,,RB81,,,2026-09-08 13:48,,0,,,live
2026-09-08 17:49,-691048836761689376-2609081334-9,,RB31,,,2026-09-08 14:35,,0,14,,live
2026-09-08 17:49,-7464145250026418942-2609081333-6,,RE4,,,2026-09-08 14:50,,0,,,live
2026-09-08 17:49,-7614266119749148509-2609081222-11,,RE7,,,2026-09-08 14:38,,1,,,live
2026-09-08 17:49,-7676591997781413630-2609081208-20,,RE1,,,2026-09-08 14:47,,0,,,live
2026-09-08 17:49,-7826121091385121434-2609080753-2,,,,,2026-09-08 07:59,,0,,,live
2026-09-08 17:49,-7866109702434619455-2609081105-8,,RE7,,,2026-09-08 12:27,,0,,,live
2026-09-08 17:49,-827925658427249444-2609081009-5,,,,,2026-09-08 12:12,,0,,,live
2026-09-08 17:49,-8840483483231584537-2609081055-2,,,,,2026-09-08 11:10,,0,,,live
2026-09-08 17:49,-8909059200116756821-2609081008-20,,RE1,,,2026-09-08 12:39,,0,,,live
2026-09-08 17:49,-9020387200604849828-2609081335-9,,RB81,,,2026-09-08 14:20,,0,,,live
2026-09-08 17:49,-969276805982604121-2609081109-13,,RE5,,,2026-09-08 12:56,,0,,,live
2026-09-08 17:49,1170763571226731300-2609081200-7,,RE3,,,2026-09-08 13:07,,0,,,live
2026-09-08 17:49,1243639550107319833-2609081134-10,,RE8,,,2026-09-08 12:54,,0,,,live
2026-09-08 17:49,1368141755022019604-2609081233-6,,RE4,,,2026-09-08 13:49,,0,14A-C,,live
2026-09-08 17:49,1404410154918675686-2609081135-9,,RB81,,,2026-09-08 12:19,,0,,,live
2026-09-08 17:49,1409628509556846116-2609080721-2,,,,,2026-09-08 07:28,,0,,,live
2026-09-08 17:49,1481156860021844134-2609081216-7,,RB81,,,2026-09-08 12:49,,0,,,live
2026-09-08 17:49,1526194876276388981-2609081100-7,,RE3,,,2026-09-08 12:06,,0,,,live
2026-09-08 17:49,1656507496924634446-2609081202-11,,RB61,,,2026-09-08 13:08,,0,,,live
2026-09-08 17:49,1671051126202486422-2609081253-9,,RB71,,,2026-09-08 13:46,,0,14,,live
2026-09-08 17:49,1760950469303232552-2609081157-15,,RB41,,,2026-09-08 13:30,,0,13A-C,,live
2026-09-08 17:49,1966986577936928288-2609072111-2,,,,,2026-09-07 23:58,,0,7,,live
2026-09-08 17:49,2790068655146168328-2609081234-10,,RE8,,,2026-09-08 13:54,,0,,,live
2026-09-08 17:49,2841218850592143799-2609081017-11,,RE7,,,2026-09-08 12:27,,0,,,live
2026-09-08 17:49,2897765782443439104-2609080653-2,,,,,2026-09-08 06:57,,0,,,live
2026-09-08 17:49,3289590894641015028-2609081259-15,,RB41,,,2026-09-08 14:29,,0,,,live
2026-09-08 17:49,3450663025951470366-2609080602-5,,,,,2026-09-08 08:08,,0,,,live
2026-09-08 17:49,3572373505574423058-2609080734-2,,,,,2026-09-08 07:51,,0,,,live
2026-09-08 17:49,3730194782886715569-2609081235-9,,RB81,,,2026-09-08 13:18,,0,,,live
2026-09-08 17:49,3950731673291584387-2609080854-9,,,,,2026-09-08 12:58,,0,8,,live
2026-09-08 17:49,4250821308365947570-2609080528-11,,,,,,,1,,,live
2026-09-08 17:49,428699380039786739-2609080722-8,,,,,2026-09-08 12:34,,0,,,live
2026-09-08 17:49,4421874575529640756-2609080955-4,,10,,,2026-09-08 12:16,,0,,,live
2026-09-08 17:49,461842432856454146-2609081057-15,,RB41,,,2026-09-08 12:25,,0,,,live
2026-09-08 17:49,4652419126160347-2609081209-13,,RE5,,,2026-09-08 13:56,,0,,,live
2026-09-08 17:49,474224413520299351-2609080453-2,,,,,2026-09-08 05:00,,0,,,live
2026-09-08 17:49,496656278151264987-2609081237-8,,RE70,,,2026-09-08 13:53,,0,,,live
2026-09-08 17:49,5368624065780683257-2609081137-8,,RE70,,,2026-09-08 12:58,,0,,,live
2026-09-08 17:49,5940191387125685157-2609081208-5,,,,,2026-09-08 14:16,,0,,,live
2026-09-08 17:49,5998728119233124715-2609081337-6,,RE80,,,2026-09-08 14:24,,0,,,live
2026-09-08 17:49,6091267017474750753-2609080816-3,,,,,2026-09-08 09:27,,0,,,live
2026-09-08 17:49,63634424795789903-2609081133-6,,RE4,,,2026-09-08 12:46,,0,,,live
2026-09-08 17:49,6512354943507599026-2609080526-3,,,,,2026-09-08 05:39,,0,,,live
2026-09-08 17:49,6578135918072112140-2609081302-11,,RB61,,,2026-09-08 14:12,,0,,,live
2026-09-08 17:49,67517114520381301-2609080533-17,,,,,2026-09-08 14:41,,0,13,,live
2026-09-08 17:49,6920440659461477118-2609080809-4,,,,,2026-09-08 10:28,,0,,,live
2026-09-08 17:49,7077598883490130568-2609080646-12,,,,,2026-09-08 13:33,,0,8,,live
2026-09-08 17:49,735896325928713766-2609080525-15,,,,,2026-09-08 13:27,,0,,,live
2026-09-08 17:49,7911763598988154921-2609080553-2,,,,,2026-09-08 05:57,,0,,,live
2026-09-08 17:49,8082687733656221962-2609081137-6,,RE80,,,2026-09-08 12:25,,0,,,live
2026-09-08 17:49,8518232099080018263-2609080426-3,,,,,2026-09-08 04:38,,0,,,live
2026-09-08 17:49,8858215695273508971-2609080621-2,,,,,2026-09-08 06:30,,0,,,live
2026-09-08 17:49,937531600424895578-2609080549-13,,,,,2026-09-08 12:41,,0,12,,live
2026-09-08 17:49,8919906662830451003-2609071906-2,,,,2026-09-07 21:48,2026-09-07 22:26,38,0,,,live
2026-09-08 17:49,1569724216077283936-2609080553-2,,,,2026-09-08 05:57,2026-09-08 05:57,0,0,,,live
2026-09-08 17:49,959751835210662610-2609080653-2,,,,2026-09-08 06:57,2026-09-08 06:57,0,0,,,live
2026-09-08 17:49,506977379099688294-2609080753-2,,,,2026-09-08 07:57,2026-09-08 07:59,2,0,,,live
2026-09-08 17:49,4557849674154920095-2609080441-9,,,,2026-09-08 08:27,2026-09-08 08:55,28,0,11,,live
2026-09-08 17:49,4327702816772433743-2609071852-9,,,,2026-09-08 08:56,2026-09-08 09:43,47,0,13,,live
2026-09-08 17:49,-3890685727423428970-2609080525-7,,,,2026-09-08 09:24,2026-09-08 09:57,33,0,,,live
2026-09-08 17:49,7149045882916919460-2609080525-7,,,,2026-09-08 09:24,2026-09-08 09:57,33,0,,,live
2026-09-08 17:49,-8916814441775474153-2609080403-11,,,,2026-09-08 09:57,2026-09-08 10:10,13,0,,,live
2026-09-08 17:49,4957066029111741236-2609080809-4,,,,2026-09-08 10:11,2026-09-08 10:28,17,0,,,live
2026-09-08 17:49,7302273233471966106-2609080537-11,,,,2026-09-08 11:24,2026-09-08 11:32,8,0,,,live
2026-09-08 17:49,-3008810852045808330-2609080722-8,,,,2026-09-08 12:29,2026-09-08 12:34,5,0,,,live
2026-09-08 17:49,-4573715949993062754-2609080707-10,,,,2026-09-08 12:57,2026-09-08 14:26,89,0,,,live
2026-09-08 17:49,-8003392339101483857-2609080707-10,,,,2026-09-08 12:57,2026-09-08 14:26,89,0,,,live
2026-09-08 17:49,-7653683031264697859-2609081231-4,,RE7,,2026-09-08 13:22,2026-09-08 13:22,0,0,,,live
2026-09-08 17:49,-5894767788106580379-2609080649-11,,,,2026-09-08 13:24,2026-09-08 14:20,56,0,8,,live
2026-09-08 17:49,-4521791419338042505-2609080528-11,,,,2026-09-08 13:49,,,1,,,live
2026-09-08 17:49,-8852139688923405017-2609081014-4,,,,2026-09-08 13:49,2026-09-08 14:13,24,0,,,live
2026-09-08 17:49,-3984964501946572700-2609081331-4,,RE7,,2026-09-08 14:21,2026-09-08 14:23,2,0,,,live
2026-09-08 19:55,-1022053095410673294-2609081222-7,,,,,2026-09-08 17:11,,0,,,live
2026-09-08 19:55,-1872892276374220322-2609081437-8,,RE70,,,2026-09-08 15:54,,1,,,live
2026-09-08 19:55,-2446850498330316768-2609081434-10,,RE8,,,2026-09-08 15:53,,0,,,live
2026-09-08 19:55,-2627319502414886509-2609081016-3,,,,,2026-09-08 11:26,,0,14,,live
2026-09-08 19:55,-2954831050481127767-2609081336-2,,,,,2026-09-08 13:48,,0,,,live
2026-09-08 19:55,-2963728539643316623-2609081634-9,,RB31,,,2026-09-08 17:31,,0,,,live
2026-09-08 19:55,-3188431469960858092-2609081517-12,,RE7,,,2026-09-08 17:26,,1,,,live
2026-09-08 19:55,-3387026704187874513-2609080821-2,,,,,2026-09-08 08:27,,0,,,live
2026-09-08 19:55,-3422739654119885417-2609081516-7,,RB81,,,2026-09-08 15:48,,0,,,live
2026-09-08 19:55,-3430793657207903601-2609081711-5,,RB81,,,2026-09-08 17:37,,0,5A-C,,live
2026-09-08 19:55,-3500545049874534285-2609080626-3,,,,,2026-09-08 06:40,,0,,,live
2026-09-08 19:55,-3791061785274282598-2609081533-6,,RE4,,,2026-09-08 16:47,,0,,,live
2026-09-08 19:55,-3907081244664964516-2609081021-2,,,,,2026-09-08 10:25,,0,,,live
2026-09-08 19:55,-4069291697784823093-2609081535-9,,RB81,,,2026-09-08 16:18,,0,,,live
2026-09-08 19:55,-4602427783665327588-2609080726-3,,,,,2026-09-08 07:38,,0,,,live
2026-09-08 19:55,-4746601975893891304-2609080851-11,,,,,2026-09-08 13:39,,0,,,live
2026-09-08 19:55,-4785189941150615406-2609081602-11,,RB61,,,2026-09-08 17:25,,0,7G-I,,live
2026-09-08 19:55,-4826673439027047350-2609081405-8,,RE7,,,2026-09-08 15:43,,0,13D-F,,live
2026-09-08 19:55,-5078598503242403170-2609081633-6,,RE4,,,2026-09-08 17:45,,0,,,live
2026-09-08 19:55,-508151058757607646-2609080716-17,,,,,2026-09-08 15:36,,0,,,live
2026-09-08 19:55,-5159058870665282740-2609081714-4,,RE3,,,,,1,,,live
2026-09-08 19:55,-5330316903894753270-2609080814-11,,10,,,2026-09-08 16:35,,0,6D-F,,live
2026-09-08 19:55,-553863566957669250-2609080730-8,,,,,2026-09-08 10:53,,0,,,live
2026-09-08 19:55,-5599998702057193678-2609081400-7,,RE3,,,2026-09-08 15:12,,0,,,live
2026-09-08 19:55,-6038076520182518237-2609081553-9,,RB71,,,2026-09-08 16:44,,0,,,live
2026-09-08 19:55,-6412398759760115320-2609081611-5,,RB81,,,2026-09-08 16:38,,0,6A-C,,live
2026-09-08 19:55,-6742916762499933092-2609081716-7,,RB81,,,2026-09-08 17:48,,0,,,live
2026-09-08 19:55,-7184453857839759572-2609080728-17,,,,,2026-09-08 16:32,,0,,,live
2026-09-08 19:55,-7698711103205390966-2609081616-7,,RB81,,,2026-09-08 16:50,,0,,,live
2026-09-08 19:55,-7953571156990560915-2609081635-9,,RB81,,,2026-09-08 17:20,,0,5A-C,,live
2026-09-08 19:55,-8115007961234754659-2609081317-11,,RE7,,,2026-09-08 15:43,,0,13D-F,,live
2026-09-08 19:55,-8455037015374655075-2609081437-6,,RE80,,,2026-09-08 15:26,,0,,,live
2026-09-08 19:55,-8764705188538064520-2609081309-13,,RE5,,,2026-09-08 15:01,,0,13,,live
2026-09-08 19:55,-8928814972859994512-2609080846-12,,,,,2026-09-08 15:33,,0,8,,live
2026-09-08 19:55,-9054066435275015678-2609081500-7,,RE3,,,2026-09-08 16:09,,0,8,,live
2026-09-08 19:55,-94874149339089986-2609080904-2,,,,,2026-09-08 09:15,,0,,,live
2026-09-08 19:55,1217412450643884013-2609081537-6,,RE80,,,2026-09-08 16:25,,0,5A-C,,live
2026-09-08 19:55,2028916425846017892-2609081605-9,,RE7,,,2026-09-08 17:26,,1,,,live
2026-09-08 19:55,2082653246441066227-2609080740-9,,,,,2026-09-08 12:10,,0,,,live
2026-09-08 19:55,2228017092216421635-2609081435-9,,RB81,,,2026-09-08 15:18,,0,,,live
2026-09-08 19:55,2674933742995769983-2609081505-8,,RE7,,,2026-09-08 16:35,,0,,,live
2026-09-08 19:55,3046077902404772122-2609081457-15,,RB41,,,2026-09-08 16:25,,0,,,live
2026-09-08 19:55,3692109744041502627-2609081557-15,,RB41,,,2026-09-08 17:34,,0,,,live
2026-09-08 19:55,4230945073999771648-2609081409-13,,RE5,,,2026-09-08 15:57,,0,11A-C,,live
2026-09-08 19:55,4524345277180079514-2609081417-11,,RE7,,,2026-09-08 16:35,,0,,,live
2026-09-08 19:55,5186490163197231839-2609081018-3,,,,,2026-09-08 10:32,,0,,,live
2026-09-08 19:55,5294570055348083618-2609081408-20,,RE1,,,2026-09-08 16:47,,0,,,live
2026-09-08 19:55,5555371111259384160-2609080759-17,,,,,2026-09-08 17:22,,0,14,,live
2026-09-08 19:55,5593758711446535859-2609081534-9,,RB31,,,2026-09-08 16:39,,0,,,live
2026-09-08 19:55,5801900968793407451-2609081509-13,,RE5,,,2026-09-08 16:59,,0,14A-C,,live
2026-09-08 19:55,5847648822533792755-2609081600-7,,RE3,,,2026-09-08 17:19,,0,,,live
2026-09-08 19:55,6103550859959519263-2609081534-10,,RE8,,,2026-09-08 16:55,,0,5A-C,,live
2026-09-08 19:55,6407795434365923900-2609081609-14,,RE1,,,2026-09-08 17:40,,0,,,live
2026-09-08 19:55,6556339575728025668-2609081537-8,,RE70,,,2026-09-08 17:16,,1,,,live
2026-09-08 19:55,6624010953416104632-2609081409-14,,RE1,,,2026-09-08 15:38,,0,,,live
2026-09-08 19:55,6675332026866779665-2609080845-11,,,,,2026-09-08 13:01,,0,11,,live
2026-09-08 19:55,6680342960452230153-2609081434-9,,RB31,,,2026-09-08 15:41,,0,13A-C,,live
2026-09-08 19:55,6700288758807829180-2609080953-2,,,,,2026-09-08 09:59,,0,,,live
2026-09-08 19:55,6870095884170213197-2609080704-4,,,,,2026-09-08 08:58,,0,,,live
2026-09-08 19:55,6965977597588668560-2609081634-10,,RE8,,,2026-09-08 17:55,,0,,,live
2026-09-08 19:55,7226977113444121927-2609081402-11,,RB61,,,2026-09-08 15:17,,0,,,live
2026-09-08 19:55,7394318309112910540-2609081637-6,,RE80,,,2026-09-08 17:28,,0,,,live
2026-09-08 19:55,7517605630292767265-2609081053-2,,,,,2026-09-08 10:58,,0,,,live
2026-09-08 19:55,7654086924896758852-2609081357-15,,RB41,,,2026-09-08 15:31,,0,,,live
2026-09-08 19:55,7839939373967476089-2609081433-6,,RE4,,,2026-09-08 15:48,,0,14A-C,,live
2026-09-08 19:55,8088226351077928869-2609081046-12,,,,,2026-09-08 17:33,,0,12,,live
2026-09-08 19:55,8382636079350254225-2609081453-9,,RB71,,,2026-09-08 15:44,,1,,,live
2026-09-08 19:55,8523839610329830225-2609081641-5,,RB81,,,2026-09-08 17:05,,0,,,live
2026-09-08 19:55,9131889204506518131-2609081634-5,,RE1,,,2026-09-08 17:09,,0,,,live
2026-09-08 19:55,9218312428552671141-2609081502-11,,RB61,,,2026-09-08 16:09,,1,,,live
2026-09-08 19:55,2512226212358951491-2609080716-4,,,,2026-09-08 08:30,2026-09-08 09:14,,1,,,live
2026-09-08 19:55,5173020895619755383-2609080716-4,,,,2026-09-08 08:30,2026-09-08 09:14,,1,,,live
2026-09-08 19:55,8592904892490438329-2609081053-2,,,,2026-09-08 10:57,2026-09-08 10:58,1,0,,,live
2026-09-08 19:55,2744020899222729995-2609081016-3,,,,2026-09-08 11:25,2026-09-08 11:26,1,0,14,,live
2026-09-08 19:55,-4151394777712103696-2609080805-11,,,,2026-09-08 13:57,2026-09-08 15:28,91,0,,,live
2026-09-08 19:55,6127970467868033818-2609080805-11,,,,2026-09-08 13:57,2026-09-08 15:28,91,0,,,live
2026-09-08 19:55,-1618433914809757000-2609080922-8,,,,2026-09-08 14:29,2026-09-08 14:54,25,0,8,,live
2026-09-08 19:55,3929081572795168634-2609081046-6,,,,2026-09-08 14:29,2026-09-08 14:54,25,0,8,,live
2026-09-08 19:55,6475125808746609339-2609080922-8,,,,2026-09-08 14:29,2026-09-08 14:54,25,0,8,,live
2026-09-08 19:55,-4785227802664405015-2609080912-10,,,,2026-09-08 14:57,2026-09-08 15:54,57,0,12,,live
2026-09-08 19:55,9052858960919066097-2609080912-10,,,,2026-09-08 14:57,2026-09-08 15:54,57,0,12,,live
2026-09-08 19:55,-3299300215104137566-2609080849-11,,,,2026-09-08 15:24,2026-09-08 16:44,80,0,8,,live
2026-09-08 19:55,-8386336934533711188-2609080728-13,,,,2026-09-08 15:49,2026-09-08 16:58,69,0,11,,live
2026-09-08 19:55,-561569379985084080-2609081012-11,,,,2026-09-08 15:57,2026-09-08 17:14,77,0,12,,live
2026-09-08 19:55,4620996463609059711-2609081012-11,,,,2026-09-08 15:57,2026-09-08 17:14,77,0,12,,live
2026-09-08 19:55,-4555569034509598317-2609081409-5,,,,2026-09-08 16:10,2026-09-08 16:39,29,0,,,live
2026-09-08 19:55,8635921791873239362-2609081554-4,,RE3,,2026-09-08 16:30,2026-09-08 17:03,33,0,12A-B,,live
2026-09-08 19:55,1578146657653699899-2609081112-10,,,,2026-09-08 16:57,2026-09-08 17:55,58,0,,,live
2026-09-08 19:55,2566940964730372350-2609081112-10,,,,2026-09-08 16:57,2026-09-08 17:55,58,0,,,live
2026-09-08 22:30,-1261071308251314263-2609081406-11,,,,,,,1,,,live
2026-09-08 22:30,-1540995538453723069-2609081637-8,,RE70,,,2026-09-08 18:15,,0,,,live
2026-09-08 22:30,-168947615118543906-2609081816-7,,RB81,,,2026-09-08 18:49,,0,5A-C,,live
2026-09-08 22:30,-1801168499836799587-2609081735-9,,RB81,,,2026-09-08 18:18,,0,,,live
2026-09-08 22:30,-189392109382465219-2609081809-13,,RE5,,,2026-09-08 19:55,,0,,,live
2026-09-08 22:30,-2385309584160336402-2609081315-9,,,,,2026-09-08 16:57,,0,,,live
2026-09-08 22:30,-3033115216451536190-2609081737-8,,RE70,,,2026-09-08 19:08,,0,,,live
2026-09-08 22:30,-3143394660947009224-2609081705-9,,RE7,,,2026-09-08 18:22,,1,,,live
2026-09-08 22:30,-3516612710550469561-2609081253-2,,,,,2026-09-08 13:05,,0,,,live
2026-09-08 22:30,-3983398794259337464-2609080820-20,,,,,2026-09-08 18:34,,0,5D-F,,live
2026-09-08 22:30,-4196071307122765920-2609081834-9,,RB31,,,2026-09-08 19:40,,1,,,live
2026-09-08 22:30,-437127119749809605-2609081753-9,,RB71,,,2026-09-08 18:53,,0,,,live
2026-09-08 22:30,-4382352578512903050-2609081700-7,,RE3,,,2026-09-08 18:09,,0,,,live
2026-09-08 22:30,-4829231221989570123-2609081734-9,,RB31,,,2026-09-08 18:31,,0,,,live
2026-09-08 22:30,-5703640496454004355-2609080825-3,,,,,2026-09-08 08:38,,0,,,live
2026-09-08 22:30,-5981141401498695982-2609081048-11,,,,,2026-09-08 17:51,,0,8,,live
2026-09-08 22:30,-5985747340714934197-2609081422-7,,,,,2026-09-08 19:16,,0,,,live
2026-09-08 22:30,-6012005053401607387-2609081122-8,,,,,2026-09-08 16:37,,0,11,,live
2026-09-08 22:30,-6660596252710225389-2609081608-20,,RE1,,,2026-09-08 18:39,,0,5A-C,,live
2026-09-08 22:30,-726710747635687293-2609081734-10,,RE8,,,2026-09-08 18:56,,0,,,live
2026-09-08 22:30,-8471873024121272354-2609080926-3,,,,,2026-09-08 09:40,,0,,,live
2026-09-08 22:30,-8626241792514986920-2609081833-6,,RE4,,,2026-09-08 19:45,,0,,,live
2026-09-08 22:30,-8983882588452863360-2609081717-12,,RE7,,,2026-09-08 19:28,,0,,,live
2026-09-08 22:30,-8987211390072106276-2609081231-10,,,,,2026-09-08 18:43,,0,6,,live
2026-09-08 22:30,-9085290573223992650-2609081733-6,,RE4,,,2026-09-08 18:50,,0,12A-B,,live
2026-09-08 22:30,1107401163985695681-2609081221-2,,,,,2026-09-08 12:31,,0,,,live
2026-09-08 22:30,1916376523980264878-2609081739-4,,RE4,,,2026-09-08 18:27,,0,,,live
2026-09-08 22:30,1969652039886200745-2609081853-9,,RB71,,,2026-09-08 19:51,,0,,,live
2026-09-08 22:30,2623521057551511012-2609081734-5,,RE1,,,2026-09-08 18:07,,0,,,live
2026-09-08 22:30,3210025791970963021-2609081617-12,,RE7,,,2026-09-08 18:22,,1,,,live
2026-09-08 22:30,3287944090513843782-2609081800-7,,RE3,,,2026-09-08 19:07,,0,14A-C,,live
2026-09-08 22:30,3397100192751969577-2609081153-2,,,,,2026-09-08 12:17,,0,,,live
2026-09-08 22:30,3468951915484586958-2609081802-11,,RB61,,,2026-09-08 19:09,,1,,,live
2026-09-08 22:30,3652573252515177200-2609081757-15,,RB41,,,2026-09-08 19:25,,0,,,live
2026-09-08 22:30,3752753900538111007-2609081709-13,,RE5,,,2026-09-08 18:58,,0,13A-C,,live
2026-09-08 22:30,3909806060693986322-2609081757-4,,RE3,,,2026-09-08 18:38,,0,,,live
2026-09-08 22:30,3934059699535638280-2609081741-5,,RB81,,,2026-09-08 18:04,,0,,,live
2026-09-08 22:30,5327127949346955926-2609081609-13,,RE5,,,2026-09-08 18:09,,1,,,live
2026-09-08 22:30,6183313586347354073-2609081455-2,,,,,2026-09-08 15:14,,0,,,live
2026-09-08 22:30,6593321700898874670-2609081516-9,,,,,2026-09-08 19:04,,0,11,,live
2026-09-08 22:30,705193835817191755-2609081216-3,,,,,2026-09-08 13:31,,0,,,live
2026-09-08 22:30,7597922018485472491-2609081737-6,,RE80,,,2026-09-08 18:25,,0,,,live
2026-09-08 22:30,7679942365398287951-2609081702-11,,RB61,,,2026-09-08 18:01,,1,,,live
2026-09-08 22:30,7702481692019596064-2609080838-20,,,,,2026-09-08 19:30,,0,12,,live
2026-09-08 22:30,776874307993202871-2609081246-12,,,,,2026-09-08 19:47,,0,,,live
2026-09-08 22:30,7867558493628354270-2609081115-9,,,,,2026-09-08 14:56,,0,11D-F,,live
2026-09-08 22:30,7983265410354562836-2609080844-14,,10,,,2026-09-08 18:24,,0,5D-F,,live
2026-09-08 22:30,8107144397756921140-2609081657-15,,RB41,,,2026-09-08 18:34,,0,,,live
2026-09-08 22:30,8290912034684684315-2609081536-2,,,,,2026-09-08 15:59,,0,,,live
2026-09-08 22:30,8929512695746408772-2609081653-9,,RB71,,,2026-09-08 18:03,,0,,,live
2026-09-08 22:30,9011011619156863439-2609080928-17,,,,,2026-09-08 18:24,,0,,,live
2026-09-08 22:30,991196480841819463-2609081811-5,,RB81,,,2026-09-08 18:34,,0,,,live
2026-09-08 22:30,-217182095076231910-2609081805-9,,RE7,,,2026-09-08 19:28,,0,,,live
2026-09-08 22:30,-3084196800500940002-2609081835-9,,RB81,,,2026-09-08 19:18,,0,,,live
2026-09-08 22:30,-4674267576494149068-2609081809-14,,RE1,,,2026-09-08 19:38,,0,,,live
2026-09-08 22:30,-4941313803537188979-2609081911-5,,RB81,,,2026-09-08 19:34,,0,,,live
2026-09-08 22:30,-5535788722995622570-2609081834-5,,RE1,,,2026-09-08 19:10,,0,,,live
2026-09-08 22:30,1987212636059922431-2609081916-7,,RB81,,,2026-09-08 19:51,,0,,,live
2026-09-08 22:30,5432269152027501927-2609081837-6,,RE80,,,2026-09-08 19:25,,0,,,live
2026-09-08 22:30,616463185832256372-2609081834-10,,RE8,,,2026-09-08 19:55,,0,,,live
2026-09-08 22:30,8477967397184429333-2609081841-5,,RB81,,,2026-09-08 19:04,,0,,,live
2026-09-08 22:30,849739818486357405-2609080622-8,,,,2026-09-08 11:28,2026-09-08 12:40,72,0,5,,live
2026-09-08 22:30,-3131052602046952620-2609080631-10,,,,2026-09-08 12:24,2026-09-08 13:02,38,0,,,live
2026-09-08 22:30,2174157627900790978-2609081253-2,,,,2026-09-08 12:57,2026-09-08 13:05,8,0,,,live
2026-09-08 22:30,-248134708278111968-2609080953-6,,,,2026-09-08 13:06,2026-09-08 13:37,31,0,,,live
2026-09-08 22:30,6330890959881575446-2609080953-6,,,,2026-09-08 13:06,2026-09-08 13:37,31,0,,,live
2026-09-08 22:30,-3692955521338963828-2609081055-6,,,,2026-09-08 14:05,2026-09-08 15:02,57,0,,,live
2026-09-08 22:30,-1208979893485125354-2609081048-11,,,,2026-09-08 17:24,2026-09-08 17:51,27,0,8,,live
2026-09-08 22:30,1120871702404148085-2609081412-6,,,,2026-09-08 17:24,2026-09-08 17:51,27,0,8,,live
2026-09-08 22:30,-7714364757423921343-2609081206-11,,,,2026-09-08 17:57,2026-09-08 19:37,100,0,11,,live
2026-09-08 22:30,562625690385016347-2609081246-12,,,,2026-09-08 19:29,2026-09-08 19:47,18,0,,,live
2026-09-08 22:30,-8635210938453609602-2609081406-11,,,,2026-09-08 19:57,,,1,,,live
2026-09-09 00:40,-1151057268452720658-2609081137-2,,,,,2026-09-08 11:49,,0,,,live
2026-09-09 00:40,-1302275594339840200-2609081522-8,,,,,2026-09-08 20:33,,0,,,live
2026-09-09 00:40,-1497213994658544450-2609081154-2,,,,,2026-09-08 12:11,,0,14,,live
2026-09-09 00:40,-1588936129122896413-2609081448-11,,,,,2026-09-08 21:28,,1,,,live
2026-09-09 00:40,-1594677098900319220-2609081022-8,,,,,2026-09-08 15:52,,0,,,live
2026-09-09 00:40,-1621849622641880552-2609082034-9,,RB31,,,2026-09-08 21:29,,0,,,live
2026-09-09 00:40,-1776648406059141505-2609081902-11,,RB61,,,2026-09-08 20:09,,0,11D-F,,live
2026-09-09 00:40,-266204046597736577-2609081353-2,,,,,2026-09-08 13:58,,0,13,,live
2026-09-09 00:40,-2843829057041584062-2609081322-9,,,,,2026-09-08 18:41,,0,,,live
2026-09-09 00:40,-2910589038648014094-2609081326-3,,,,,2026-09-08 13:40,,0,13,,live
2026-09-09 00:40,-4485210929310056893-2609081626-11,,,,,2026-09-08 22:10,,0,6,,live
2026-09-09 00:40,-4503530441970809798-2609081418-3,,,,,2026-09-08 14:36,,0,,,live
2026-09-09 00:40,-4721324655961804637-2609081953-9,,RB71,,,2026-09-08 20:52,,0,,,live
2026-09-09 00:40,-5033423880624192770-2609082000-7,,RE3,,,2026-09-08 21:11,,0,,,live
2026-09-09 00:40,-524151628723159576-2609081853-2,,,,,2026-09-08 18:59,,0,,,live
2026-09-09 00:40,-5837382828980643327-2609082009-13,,RE5,,,2026-09-08 21:56,,0,,,live
2026-09-09 00:40,-6235789055676348186-2609081626-3,,,,,2026-09-08 16:49,,0,,,live
2026-09-09 00:40,-6335441146611643039-2609081909-13,,RE5,,,2026-09-08 20:57,,0,,,live
2026-09-09 00:40,-6452407069337976676-2609081128-17,,,,,2026-09-08 20:20,,0,12,,live
2026-09-09 00:40,-657578417068350480-2609081933-6,,RE4,,,2026-09-08 20:50,,0,,,live
2026-09-09 00:40,-7092677900906309611-2609082033-6,,RE4,,,2026-09-08 21:46,,0,,,live
2026-09-09 00:40,-762086226758254325-2609081226-3,,,,,2026-09-08 12:44,,0,,,live
2026-09-09 00:40,-7621712260142359390-2609081618-3,,,,,2026-09-08 16:32,,0,8,,live
2026-09-09 00:40,-7911985963316050659-2609081718-2,,,,,2026-09-08 17:42,,0,,,live
2026-09-09 00:40,-8215575323288146568-2609081421-2,,,,,2026-09-08 14:29,,0,,,live
2026-09-09 00:40,-8243134940294726177-2609081446-12,,,,,2026-09-08 21:36,,0,,,live
2026-09-09 00:40,-8705107722613527627-2609081059-23,,,,,2026-09-08 21:15,,0,,,live
2026-09-09 00:40,-8732834586368903752-2609081607-5,,,,,2026-09-08 19:57,,0,,,live
2026-09-09 00:40,-8977158693366199082-2609081934-9,,RB31,,,2026-09-08 20:23,,0,,,live
2026-09-09 00:40,-9013027983394594721-2609080916-2,,,,,2026-09-08 09:32,,0,,,live
2026-09-09 00:40,-988583344704703688-2609081553-2,,,,,2026-09-08 15:57,,1,,,live
2026-09-09 00:40,1184509608867288236-2609081310-10,,,,,2026-09-08 19:03,,0,8,,live
2026-09-09 00:40,2782537299653430460-2609081857-15,,RB41,,,2026-09-08 20:25,,0,,,live
2026-09-09 00:40,3022098769984207831-2609082008-20,,RE1,,,2026-09-08 22:40,,0,,,live
2026-09-09 00:40,3027779636165716798-2609081436-6,,,,,2026-09-08 18:10,,0,,,live
2026-09-09 00:40,3366099886625871029-2609081416-3,,,,,2026-09-08 15:33,,0,,,live
2026-09-09 00:40,4560172541036709998-2609081512-10,,,,,2026-09-08 21:04,,0,13,,live
2026-09-09 00:40,546776100848341432-2609082002-11,,RB61,,,2026-09-08 21:16,,0,,,live
2026-09-09 00:40,5646701767039716240-2609081317-2,,,,,2026-09-08 13:28,,0,12,,live
2026-09-09 00:40,5653087570567167872-2609081126-3,,,,,2026-09-08 11:38,,0,,,live
2026-09-09 00:40,607281138257369836-2609081245-11,,,,,2026-09-08 17:26,,0,11D-F,,live
2026-09-09 00:40,6610086332469437335-2609081026-3,,,,,2026-09-08 10:39,,0,11,,live
2026-09-09 00:40,6810614476303646777-2609081826-3,,,,,2026-09-08 18:38,,0,,,live
2026-09-09 00:40,6954924236955692259-2609081328-17,,,,,2026-09-08 22:43,,0,14,,live
2026-09-09 00:40,791009188262532597-2609081214-11,,10,,,2026-09-08 20:25,,0,5D-F,,live
2026-09-09 00:40,8117886911530298430-2609081218-3,,,,,2026-09-08 12:36,,0,,,live
2026-09-09 00:40,8620543286702518895-2609081957-15,,RB41,,,2026-09-08 21:25,,0,,,live
2026-09-09 00:40,8817258909479770029-2609081900-7,,RE3,,,2026-09-08 20:10,,0,,,live
2026-09-09 00:40,-1199948685037004152-2609082005-9,,RE7,,,2026-09-08 21:37,,0,,,live
2026-09-09 00:40,-1594939601719293815-2609082016-7,,RB81,,,2026-09-08 20:50,,0,6A-C,,live
2026-09-09 00:40,-2491225657618914529-2609081905-9,,RE7,,,2026-09-08 20:48,,0,,,live
2026-09-09 00:40,-2991242414688689415-2609082058-15,,RB41,,,2026-09-08 22:35,,0,,,live
2026-09-09 00:40,-339522110090732142-2609082134-10,,RE8,,,2026-09-08 22:54,,0,,,live
2026-09-09 00:40,-4651091680957662997-2609081808-20,,RE1,,,2026-09-08 20:46,,0,6D-F,,live
2026-09-09 00:40,-4684127518317498007-2609082035-9,,RB81,,,2026-09-08 21:19,,0,,,live
2026-09-09 00:40,-4925631668679901084-2609082121-2,,,,,2026-09-08 21:25,,0,,,live
2026-09-09 00:40,-4960769804742065454-2609081941-5,,RB81,,,2026-09-08 20:04,,0,,,live
2026-09-09 00:40,-5274498512200273196-2609082109-13,,RE5,,,2026-09-08 22:58,,0,13,,live
2026-09-09 00:40,-6004858853457181289-2609082137-6,,RE80,,,2026-09-08 22:25,,0,,,live
2026-09-09 00:40,-605356019567509609-2609081935-9,,RB81,,,2026-09-08 20:19,,0,,,live
2026-09-09 00:40,-6968895459807678055-2609081917-12,,RE7,,,2026-09-08 21:37,,0,,,live
2026-09-09 00:40,-7033374564671118827-2609081937-6,,RE80,,,2026-09-08 20:25,,0,,,live
2026-09-09 00:40,-7189239938680406879-2609081934-10,,RE8,,,2026-09-08 20:55,,0,5A-C,,live
2026-09-09 00:40,-7989621655338553543-2609082116-7,,RB81,,,2026-09-08 21:48,,0,7A-D,,live
2026-09-09 00:40,-8196009632544207530-2609081936-2,,,,,2026-09-08 19:54,,0,,,live
2026-09-09 00:40,-8541225441126762699-2609082034-10,,RE8,,,2026-09-08 21:54,,0,5A-C,,live
2026-09-09 00:40,-8573984535168492837-2609082135-9,,RB31,,,2026-09-08 22:46,,0,12,,live
2026-09-09 00:40,1653769359355988939-2609081937-8,,RE70,,,2026-09-08 21:07,,0,12,,live
2026-09-09 00:40,2276889944093943677-2609082037-6,,RE80,,,2026-09-08 21:25,,0,,,live
2026-09-09 00:40,2992892244540391539-2609081837-8,,RE70,,,2026-09-08 20:11,,0,,,live
2026-09-09 00:40,5318762053619111542-2609082135-9,,RB81,,,2026-09-08 22:18,,0,,,live
2026-09-09 00:40,5934575629537714195-2609082100-7,,RE3,,,2026-09-08 22:17,,0,,,live
2026-09-09 00:40,6353778459721582899-2609082216-7,,RB81,,,2026-09-08 22:50,,0,5A-C,,live
2026-09-09 00:40,663190152182156072-2609082106-5,,RE1,,,2026-09-08 21:40,,0,,,live
2026-09-09 00:40,7295872794936909964-2609081918-2,,,,,2026-09-08 19:35,,0,,,live
2026-09-09 00:40,8552297428684472340-2609081817-12,,RE7,,,2026-09-08 20:48,,0,,,live
2026-09-09 00:40,-6845827759398904907-2609081453-2,,,,2026-09-08 14:57,2026-09-08 15:29,32,0,,,live
2026-09-09 00:40,5612476870594813183-2609081453-2,,,,2026-09-08 14:57,2026-09-08 15:29,32,0,,,live
2026-09-09 00:40,6401604592044501545-2609081453-2,,,,2026-09-08 14:57,2026-09-08 15:29,32,0,,,live
2026-09-09 00:40,4901982043551337577-2609081416-3,,,,2026-09-08 15:25,2026-09-08 15:37,12,0,,,live
2026-09-09 00:40,4616132509440114441-2609081553-2,,,,2026-09-08 15:57,2026-09-08 15:57,,1,,,live
2026-09-09 00:40,5018129031528756061-2609081031-10,,,,2026-09-08 16:24,2026-09-08 17:25,61,0,6,,live
2026-09-09 00:40,-4903045561539693758-2609081653-2,,,,2026-09-08 16:57,2026-09-08 16:57,,1,,,live
2026-09-09 00:40,-9122727136754088621-2609081853-2,,,,2026-09-08 18:57,2026-09-08 18:59,2,0,,,live
2026-09-09 00:40,7227802265494815968-2609081853-2,,,,2026-09-08 18:57,2026-09-08 18:59,2,0,,,live
2026-09-09 00:40,77675532003824365-2609081310-10,,,,2026-09-08 18:57,2026-09-08 19:03,6,0,8,,live
2026-09-09 00:40,-5002663177474758481-2609081248-11,,,,2026-09-08 19:25,2026-09-08 20:36,71,0,7,,live
2026-09-09 00:40,-667854438862135023-2609081248-11,,,,2026-09-08 19:25,2026-09-08 20:36,71,0,7,,live
2026-09-09 00:40,-2953368913560705679-2609081809-5,,,,2026-09-08 20:10,2026-09-08 20:38,28,0,,,live
2026-09-09 00:40,-2635761254150782051-2609080730-21,,,,2026-09-08 20:25,2026-09-08 21:45,80,0,,,live
2026-09-09 00:40,8449059739450198843-2609081452-8,,,,2026-09-08 20:39,2026-09-08 21:11,,1,,,live
2026-09-09 00:40,-2685919111566849098-2609081512-10,,,,2026-09-08 20:57,2026-09-08 21:04,7,0,13,,live
2026-09-09 00:40,-817221913954939816-2609081448-11,,,,2026-09-08 21:24,2026-09-08 21:28,,1,,,live
2026-09-09 00:40,-7069869175777251406-2609081606-11,,,,2026-09-08 21:57,2026-09-08 23:14,77,0,12,,live
2026-09-09 00:40,5818020606803679032-2609081606-11,,,,2026-09-08 21:57,2026-09-08 23:14,77,0,12,,live
2026-09-09 00:40,8752482116785104842-2609081043-16,,,,2026-09-08 21:57,2026-09-08 23:03,66,0,13D-F,,live
2026-09-09 00:40,-4980506932980029357-2609081631-10,,,,2026-09-08 22:24,2026-09-08 23:01,37,0,6,,live
2026-09-09 00:40,3263366822435426770-2609081722-8,,,,2026-09-08 22:29,2026-09-08 23:06,37,0,11,,live
2026-09-09 00:40,9120432599921369422-2609081722-8,,,,2026-09-08 22:29,2026-09-08 23:06,37,0,11,,live
2026-09-09 00:40,7468334744528629490-2609081710-10,,,,2026-09-08 22:57,2026-09-08 23:28,31,0,11,,live
2026-09-09 00:40,-7193636000516531658-2609082200-7,ME,RE3,82140,2026-09-08 23:05,2026-09-08 23:15,10,0,14A-C,Uelzen,live
2026-09-09 00:40,-5438102898558279853-2609082235-9,RB,RB81,11337,2026-09-08 23:18,2026-09-08 23:18,0,0,7A-D,Bad Oldesloe,live
2026-09-09 00:40,3655846017428359643-2609082234-9,ME,RB31,81640,2026-09-08 23:20,2026-09-08 23:42,22,0,12A-B,Lüneburg,live
2026-09-09 00:40,-8060825124218528893-2609082237-6,RE,RE80,11489,2026-09-08 23:25,2026-09-08 23:26,1,0,6A-C,Lübeck Hbf,live
2026-09-09 00:40,-8566953819069085350-2609082157-15,ME,RB41,81940,2026-09-08 23:25,2026-09-08 23:32,7,0,13A-C,Bremen Hbf,live
2026-09-09 00:40,-4818102182269436190-2609081646-12,ICE,,70,2026-09-08 23:29,2026-09-08 23:44,15,0,11,Basel SBB,live
2026-09-09 00:40,5159579159358071308-2609082316-7,RB,RB81,11389,2026-09-08 23:48,2026-09-08 23:49,1,0,5A-C,Bargteheide,live
2026-09-09 00:40,3370285438001482281-2609082234-10,RE,RE8,11439,2026-09-08 23:53,2026-09-08 23:54,1,0,7A-D,Lübeck-Travemünde Strand,live
2026-09-09 05:20,-4758242349678413284-2609081238-21,,,,,2026-09-08 23:48,,0,,,live
2026-09-09 05:20,-5425302918995479956-2609081526-3,,,,,,,1,,,live
2026-09-09 05:20,-5487531873915021544-2609081753-2,,,,,2026-09-08 18:23,,0,13,,live
2026-09-09 05:20,-6439185077160185089-2609081821-2,,,,,2026-09-08 18:28,,0,,,live
2026-09-09 05:20,-7956047615718350819-2609081426-3,,,,,2026-09-08 14:47,,0,14,,live
2026-09-09 05:20,2312296716933966404-2609081554-2,,,,,2026-09-08 16:04,,0,,,live
2026-09-09 05:20,3445083957053622931-2609081621-2,,,,,2026-09-08 16:26,,0,,,live
2026-09-09 05:20,6194893901306646476-2609081726-3,,,,,2026-09-08 18:00,,0,,,live
2026-09-09 05:20,8176182407586879684-2609081818-3,,,,,2026-09-08 18:39,,0,,,live
2026-09-09 05:20,-1290839640796586839-2609081811-11,,,,,2026-09-09 00:17,,0,,,live
2026-09-09 05:20,-2167438544370822717-2609082136-2,,,,,2026-09-08 21:49,,0,6,,live
2026-09-09 05:20,-3953708139935826553-2609090034-10,,RE8,,,2026-09-09 01:59,,0,11,,live
2026-09-09 05:20,-4463983841688751065-2609082026-3,,,,,2026-09-08 20:38,,1,,,live
2026-09-09 05:20,-4550435493069381661-2609082300-12,,RB31,,,2026-09-09 00:47,,0,,,live
2026-09-09 05:20,-6711307188089838742-2609090005-11,,RE7,,,2026-09-09 01:52,,0,,,live
2026-09-09 05:20,-6748942984235284913-2609082208-20,,RE1,,,2026-09-09 00:41,,0,11,,live
2026-09-09 05:20,-8941932149309778658-2609081922-9,,,,,2026-09-09 00:58,,0,13,,live
2026-09-09 05:20,3039826787542326923-2609082209-5,,,,,2026-09-09 00:38,,0,6,,live
2026-09-09 05:20,3499338043235512572-2609082018-3,,,,,2026-09-08 20:42,,0,,,live
2026-09-09 05:20,387110255594909239-2609081816-3,,,,,2026-09-08 19:21,,0,,,live
2026-09-09 05:20,5084834081299892186-2609082335-9,,RB81,,,2026-09-09 00:18,,0,,,live
2026-09-09 05:20,5351133746540780755-2609082021-2,,,,,2026-09-08 20:35,,0,11,,live
2026-09-09 05:20,5575186578699553736-2609090000-7,,RB81,,,2026-09-09 00:31,,0,8,,live
2026-09-09 05:20,7356141276946838163-2609082334-10,,RE8,,,2026-09-09 00:56,,0,,,live
2026-09-09 05:20,8334107169665031747-2609082349-10,,RB41,,,2026-09-09 00:53,,0,,,live
2026-09-09 05:20,3457443120563044576-2609081616-3,,,,2026-09-08 17:25,2026-09-08 18:18,53,0,,,live
2026-09-09 05:20,5499008507322410032-2609081616-3,,,,2026-09-08 17:25,2026-09-08 18:18,53,0,,,live
2026-09-09 05:20,-8146933337275348579-2609081753-2,,,,2026-09-08 17:57,2026-09-08 18:23,26,0,13,,live
2026-09-09 05:20,-1910373995647170721-2609081818-3,,,,2026-09-08 18:31,2026-09-08 18:39,8,0,,,live
2026-09-09 05:20,-777911977478757888-2609082021-2,,,,2026-09-08 20:25,2026-09-08 20:35,10,0,11,,live
2026-09-09 05:20,-8504911036629305104-2609082026-3,,,,2026-09-08 20:38,2026-09-08 20:38,,1,,,live
2026-09-09 05:20,8310341193216391490-2609081811-11,,,,2026-09-08 23:57,2026-09-09 00:17,20,0,,,live
2026-09-09 05:20,-5040855886902453859-2609081528-17,,,,2026-09-09 00:15,2026-09-09 00:47,32,0,12,,live
2026-09-09 05:20,4760651137475633059-2609082358-12,,RB31,,2026-09-09 01:09,2026-09-09 02:10,61,0,,,live
2026-09-09 05:20,-5967924537871298080-2609090308-8,RE,RE70,11201,2026-09-09 04:20,2026-09-09 04:54,34,0,7A-D,Kiel Hbf,live
2026-09-09 05:20,9011218217436282603-2609090346-10,ME,RB41,81902,2026-09-09 04:44,2026-09-09 04:44,,1,11A-C,Rotenburg(Wümme),live
2026-09-09 05:20,9034693412834794181-2609090425-5,RB,RB81,11351,2026-09-09 04:48,2026-09-09 04:48,0,0,6A-C,Ahrensburg,live
2026-09-09 10:02,-4780306928560468597-2609081625-12,,,,,2026-09-09 05:05,,0,12,,live
2026-09-09 10:02,6992012378128167215-2609081955-3,,,,,2026-09-08 20:28,,0,8,,live
2026-09-09 10:02,-1047382441565348511-2609090806-9,,RB31,,,2026-09-09 09:06,,0,11,,live
2026-09-09 10:02,-1151538930163409874-2609090813-7,,RB81,,,2026-09-09 08:49,,0,,,live
2026-09-09 10:02,-1189483806781971425-2609090549-13,,RE5,,,2026-09-09 07:35,,0,,,live
2026-09-09 10:02,-1237890003819403071-2609090502-11,,RB61,,,2026-09-09 06:08,,0,,,live
2026-09-09 10:02,-1275104846797668518-2609090735-9,,RB81,,,2026-09-09 08:19,,0,5,,live
2026-09-09 10:02,-1656742390364091013-2609090734-9,,RB31,,,2026-09-09 08:31,,0,,,live
2026-09-09 10:02,-1822966271854478829-2609090337-10,,,,,2026-09-09 08:23,,0,11,,live
2026-09-09 10:02,-2275836909676922659-2609090733-6,,RE4,,,2026-09-09 08:59,,0,,,live
2026-09-09 10:02,-2392591812561718951-2609090453-9,,RB71,,,2026-09-09 05:42,,0,,,live
2026-09-09 10:02,-3240225646070436331-2609090649-13,,RE5,,,2026-09-09 08:39,,0,,,live
2026-09-09 10:02,-3431387958325342246-2609090408-12,,RB31,,,2026-09-09 05:30,,0,,,live
2026-09-09 10:02,-3583315075191368408-2609090712-7,,RB41,,,2026-09-09 07:51,,1,,,live
2026-09-09 10:02,-4204938752686762051-2609090516-7,,RB81,,,2026-09-09 05:48,,0,,,live
2026-09-09 10:02,-4394323290879927050-2609090402-9,,RE7,,,2026-09-09 05:21,,0,,,live
2026-09-09 10:02,-463388714619476373-2609090734-4,,RE4,,,2026-09-09 08:13,,0,,,live
2026-09-09 10:02,-5138192615591901711-2609090617-11,,RE7,,,2026-09-09 08:22,,0,,,live
2026-09-09 10:02,-5254998360538564707-2609090528-8,,RE4,,,2026-09-09 06:45,,0,,,live
2026-09-09 10:02,-591780081192487579-2609090534-10,,RE8,,,2026-09-09 06:53,,0,,,live
2026-09-09 10:02,-6026100001913276581-2609090605-7,,RE3,,,2026-09-09 07:13,,0,,,live
2026-09-09 10:02,-61162464930520183-2609090517-11,,RE7,,,2026-09-09 07:21,,0,,,live
2026-09-09 10:02,-6238415479967927281-2609090648-7,,RE3,,,2026-09-09 07:48,,0,11D-F,,live
2026-09-09 10:02,-6468886972191162920-2609090702-11,,RB61,,,2026-09-09 08:02,,0,,,live
2026-09-09 10:02,-6478930024086118346-2609090408-20,,RE1,,,2026-09-09 06:35,,0,5D-F,,live
2026-09-09 10:02,-6531275544337293034-2609090753-9,,RB71,,,2026-09-09 08:43,,0,,,live
2026-09-09 10:02,-6641565464322350027-2609090402-11,,RB61,,,2026-09-09 05:03,,0,,,live
2026-09-09 10:02,-6961852970408451758-2609090616-7,,RB81,,,2026-09-09 06:48,,0,,,live
2026-09-09 10:02,-7385034857744471466-2609090713-8,,RB31,,,2026-09-09 07:59,,0,11,,live
2026-09-09 10:02,-7403540165833005095-2609090635-9,,RB81,,,2026-09-09 07:18,,0,,,live
2026-09-09 10:02,-7855767983278073293-2609090711-5,,RB81,,,2026-09-09 07:37,,0,5,,live
2026-09-09 10:02,-7877843962657609673-2609090509-5,,RE8,,,2026-09-09 05:54,,0,,,live
2026-09-09 10:02,-810019226678636451-2609090437-6,,RE80,,,2026-09-09 05:26,,0,,,live
2026-09-09 10:02,-8237034450104717281-2609082155-3,,,,,2026-09-09 05:06,,0,12,,live
2026-09-09 10:02,-8254610297767882258-2609090634-9,,RB31,,,2026-09-09 07:21,,0,,,live
2026-09-09 10:02,-8389170061218175037-2609090500-7,,RE3,,,2026-09-09 06:09,,0,11A-C,,live
2026-09-09 10:02,-8594749958192812225-2609090535-9,,RB31,,,2026-09-09 06:27,,0,,,live
2026-09-09 10:02,-8657950163252962648-2609090705-8,,RE7,,,2026-09-09 08:22,,0,,,live
2026-09-09 10:02,-9071384910044894170-2609090634-8,,RE8X,,,2026-09-09 07:44,,0,6D-F,,live
2026-09-09 10:02,-9105898598852946278-2609090505-8,,RE7,,,2026-09-09 06:34,,0,,,live
2026-09-09 10:02,-9218627476631391022-2609090605-8,,RE7,,,2026-09-09 07:21,,0,,,live
2026-09-09 10:02,1235622964461153188-2609090558-6,,,,,2026-09-09 08:36,,0,5,,live
2026-09-09 10:02,1240458014970414586-2609090809-5,,RE8,,,2026-09-09 08:53,,0,,,live
2026-09-09 10:02,1501460796885002383-2609090653-9,,RB71,,,2026-09-09 07:44,,0,,,live
2026-09-09 10:02,1980048163959817893-2609090709-5,,RE8,,,2026-09-09 07:53,,0,,,live
2026-09-09 10:02,2648435496848007442-2609090537-8,,RE70,,,2026-09-09 07:01,,0,,,live
2026-09-09 10:02,2774174590951633862-2609082225-3,,,,,2026-09-08 22:57,,0,,,live
2026-09-09 10:02,2933035166403061553-2609090734-8,,RE8X,,,2026-09-09 08:47,,0,8,,live
2026-09-09 10:02,3087725302526898449-2609090609-14,,RE1,,,2026-09-09 07:42,,0,,,live
2026-09-09 10:02,3119815850397800818-2609090520-6,,,,,2026-09-09 07:31,,0,,,live
2026-09-09 10:02,3199642534134629506-2609090741-5,,RB81,,,2026-09-09 08:04,,0,,,live
2026-09-09 10:02,3504736514239542448-2609090608-20,,RE1,,,2026-09-09 08:41,,0,6D-F,,live
2026-09-09 10:02,3633423506968040756-2609090536-2,,,,,2026-09-09 05:50,,0,,,live
2026-09-09 10:02,3941548061613216885-2609082111-2,,,,,2026-09-08 23:58,,0,6,,live
2026-09-09 10:02,4199864035703836662-2609090641-5,,RB81,,,2026-09-09 07:04,,0,,,live
2026-09-09 10:02,4365224433668002406-2609090634-5,,RE1,,,2026-09-09 07:10,,0,,,live
2026-09-09 10:02,4444191826229498762-2609090713-7,,RB81,,,2026-09-09 07:50,,0,5D-F,,live
2026-09-09 10:02,4682136619533968759-2609090602-11,,RB61,,,2026-09-09 07:08,,0,,,live
2026-09-09 10:02,4733426678694405219-2609090700-7,,RE3,,,2026-09-09 08:12,,0,,,live
2026-09-09 10:02,5177481596805362451-2609090726-7,,RE3,,,,,1,,,live
2026-09-09 10:02,5355727666584568311-2609090734-5,,RE1,,,2026-09-09 08:12,,0,,,live
2026-09-09 10:02,5819505621821229464-2609090811-5,,RB81,,,2026-09-09 08:34,,0,,,live
2026-09-09 10:02,5926379620860043859-2609090637-6,,RE80,,,2026-09-09 07:25,,0,,,live
2026-09-09 10:02,5926473462606976417-2609081926-3,,,,,2026-09-08 19:46,,0,,,live
2026-09-09 10:02,6057671368361283681-2609090354-14,,RE1,,,2026-09-09 05:28,,0,7A-D,,live
2026-09-09 10:02,6183801689417187664-2609090537-6,,RE80,,,2026-09-09 06:31,,0,,,live
2026-09-09 10:02,6220447137645637542-2609090737-8,,RE70,,,2026-09-09 08:53,,0,,,live
2026-09-09 10:02,635156796628650000-2609090535-9,,RB81,,,2026-09-09 06:28,,0,,,live
2026-09-09 10:02,6463598732574589906-2609081729-10,,,,,2026-09-09 05:56,,0,,,live
2026-09-09 10:02,6533056364528985396-2609090737-6,,RE80,,,2026-09-09 08:24,,0,,,live
2026-09-09 10:02,6567724901549400999-2609090553-9,,RB71,,,2026-09-09 06:58,,0,,,live
2026-09-09 10:02,6685217433766425145-2609090624-3,,,,,2026-09-09 08:44,,0,,,live
2026-09-09 10:02,6885212790092918782-2609090627-5,,,,,2026-09-09 08:07,,0,14D-F,,live
2026-09-09 10:02,6953208858522139559-2609090626-8,,RE4,,,2026-09-09 07:43,,0,,,live
2026-09-09 10:02,7320984570293106503-2609090637-8,,RE70,,,2026-09-09 07:53,,0,,,live
2026-09-09 10:02,733390681906884060-2609090509-13,,RE5,,,2026-09-09 07:01,,0,,,live
2026-09-09 10:02,7511148090173910504-2609090412-3,,,,,2026-09-09 04:24,,0,,,live
2026-09-09 10:02,7597089806492032299-2609082220-2,,,,,2026-09-08 22:25,,0,,,live
2026-09-09 10:02,7651668250587456068-2609090433-15,,RB41,,,2026-09-09 06:02,,0,13A-C,,live
2026-09-09 10:02,8104519730754987199-2609090435-9,,RB81,,,2026-09-09 05:18,,0,,,live
2026-09-09 10:02,8136190555525882553-2609090417-11,,RE7,,,2026-09-09 06:34,,0,,,live
2026-09-09 10:02,8209469800275406026-2609082252-11,,,,,2026-09-09 06:53,,0,,,live
2026-09-09 10:02,8312262657501080380-2609090611-5,,RB81,,,2026-09-09 06:38,,0,5A-C,,live
2026-09-09 10:02,8378964858681142361-2609090609-13,,RE5,,,2026-09-09 07:58,,0,,,live
2026-09-09 10:02,8503777394879306018-2609082322-17,,,,,2026-09-09 07:03,,0,,,live
2026-09-09 10:02,3421514055316082357-2609082225-3,,,,2026-09-08 22:38,2026-09-08 22:57,19,0,,,live
2026-09-09 10:02,8724560737783350400-2609090558-6,,,,2026-09-09 08:09,2026-09-09 08:36,27,0,5,,live
2026-09-09 10:02,4529325751578925480-2609090802-11,NBE,RB61,75509,2026-09-09 09:01,2026-09-09 09:05,4,0,13D-F,Itzehoe,live
2026-09-09 10:02,-4788303791955844301-2609090800-7,ME,RE3,82112,2026-09-09 09:05,2026-09-09 09:10,5,0,13A-C,Uelzen,live
2026-09-09 10:02,-7175223189646285482-2609090829-7,ME,RB41,81964,2026-09-09 09:05,2026-09-09 09:13,8,0,8,Tostedt,live
2026-09-09 10:02,-750532183628151839-2609090834-5,RB,RE1,13004,2026-09-09 09:10,2026-09-09 09:11,1,0,7A-D,Büchen,live
2026-09-09 10:02,1179810196779242077-2609090511-9,ICE,,208,2026-09-09 09:15,2026-09-09 09:24,9,0,11,Köln Hbf,live
2026-09-09 10:02,-7763829618738350329-2609090835-9,RB,RB81,11309,2026-09-09 09:18,2026-09-09 09:18,0,0,6D-F,Bad Oldesloe,live
2026-09-09 10:02,-5358270556532704414-2609090834-9,ME,RB31,81612,2026-09-09 09:20,2026-09-09 09:25,5,0,13D-F,Lüneburg,live
2026-09-09 10:02,5305980712996650155-2609090717-11,RE,RE7,11161,2026-09-09 09:22,2026-09-09 09:37,15,0,7G-I,Flensburg,live
2026-09-09 10:02,9052379201596750574-2609090805-8,RE,RE7,11261,2026-09-09 09:22,2026-09-09 09:21,-1,0,7G-I,Kiel Hbf,live
2026-09-09 10:02,-3890685727423428970-2609090525-7,ICE,,606,2026-09-09 09:24,2026-09-09 09:32,8,0,5,Erfurt Hbf,live
2026-09-09 10:02,-2081579378438234204-2609090659-7,IC,,2230,2026-09-09 09:25,2026-09-09 09:32,7,0,12C-F,Magdeburg Hbf,live
2026-09-09 10:02,-7240898703310175045-2609090837-6,RE,RE80,11461,2026-09-09 09:25,2026-09-09 09:24,-1,0,6A-C,Lübeck Hbf,live
2026-09-09 10:02,-4451989855667796403-2609090906-5,RE,RE1,13006,2026-09-09 09:38,2026-09-09 09:41,3,0,7A-D,Büchen,live
2026-09-09 10:02,8692278081732729076-2609090853-9,NBE,RB71,81867,2026-09-09 09:41,2026-09-09 09:48,7,0,13D-F,Wrist,live
2026-09-09 10:02,1007082014350364628-2609090833-6,ME,RE4,82014,2026-09-09 09:45,2026-09-09 09:45,0,0,13A-C,Bremen Hbf,live
2026-09-09 10:02,-4976880781789089102-2609090916-7,RB,RB81,11361,2026-09-09 09:48,2026-09-09 09:48,0,0,6D-F,Bargteheide,live
2026-09-09 10:02,6162665181296755688-2609090834-10,RE,RE8,11411,2026-09-09 09:53,2026-09-09 09:53,0,0,6A-C,Lübeck-Travemünde Strand,live
2026-09-09 14:38,-8018116824080471880-2609081955-3,,,,,2026-09-08 20:28,,0,8,,live
2026-09-09 14:38,94218488848062299-2609090845-5,,10,,,,,1,,,live
2026-09-09 14:38,-121286730437505369-2609090445-9,,,,,2026-09-09 10:06,,0,,,live
2026-09-09 14:38,-1592057700459732081-2609090517-3,,,,,2026-09-09 05:35,,0,,,live
2026-09-09 14:38,-2382111738141764899-2609090809-13,,RE5,,,2026-09-09 10:03,,0,13A-C,,live
2026-09-09 14:38,-3171428142048177713-2609090511-10,,,,,2026-09-09 11:10,,0,,,live
2026-09-09 14:38,-3212205364154915817-2609090609-11,,,,,2026-09-09 12:01,,0,,,live
2026-09-09 14:38,-4022866577318711827-2609091005-8,,RE7,,,2026-09-09 11:22,,0,13A-C,,live
2026-09-09 14:38,-4212522544061880680-2609091102-11,,RB61,,,2026-09-09 12:09,,0,,,live
2026-09-09 14:38,-4229753936075266247-2609090937-6,,RE80,,,2026-09-09 10:25,,0,5A-C,,live
2026-09-09 14:38,-4526666360188253894-2609090808-20,,RE1,,,2026-09-09 11:04,,0,,,live
2026-09-09 14:38,-4832530349883608553-2609091153-9,,RB71,,,2026-09-09 12:56,,0,,,live
2026-09-09 14:38,-521217330813819261-2609082156-3,,,,,2026-09-08 22:11,,0,,,live
2026-09-09 14:38,-537957746364217611-2609091037-8,,RE70,,,2026-09-09 11:52,,0,,,live
2026-09-09 14:38,-5486357965950019401-2609091037-6,,RE80,,,2026-09-09 11:25,,0,,,live
2026-09-09 14:38,-5959358126767996816-2609091000-7,,RE3,,,2026-09-09 11:13,,0,,,live
2026-09-09 14:38,-6051409117345262240-2609090837-8,,RE70,,,2026-09-09 10:02,,0,,,live
2026-09-09 14:38,-6570859996030125968-2609090934-10,,RE8,,,2026-09-09 11:21,,1,,,live
2026-09-09 14:38,-683754151173195972-2609091016-7,,RB81,,,2026-09-09 10:48,,0,,,live
2026-09-09 14:38,-7866109702434619455-2609091105-8,,RE7,,,2026-09-09 12:23,,0,,,live
2026-09-09 14:38,-7935312781145201778-2609091035-9,,RB81,,,2026-09-09 11:22,,0,,,live
2026-09-09 14:38,-8011164337776733770-2609091033-6,,RE4,,,2026-09-09 11:45,,0,,,live
2026-09-09 14:38,-8258926274084365972-2609090953-9,,RB71,,,2026-09-09 10:42,,0,,,live
2026-09-09 14:38,-827925658427249444-2609091009-5,,,,,2026-09-09 12:13,,0,8,,live
2026-09-09 14:38,-8909059200116756821-2609091008-20,,RE1,,,2026-09-09 12:40,,0,,,live
2026-09-09 14:38,-8919754022988888966-2609091034-10,,RE8,,,2026-09-09 12:21,,0,5A-C,,live
2026-09-09 14:38,-9112879062242116682-2609091106-5,,RE1,,,2026-09-09 11:38,,0,,,live
2026-09-09 14:38,-969276805982604121-2609091109-13,,RE5,,,2026-09-09 12:58,,0,,,live
2026-09-09 14:38,1029958765483496065-2609090917-11,,RE7,,,2026-09-09 11:22,,0,13A-C,,live
2026-09-09 14:38,1404410154918675686-2609091135-9,,RB81,,,2026-09-09 12:18,,0,5D-F,,live
2026-09-09 14:38,1409628509556846116-2609090721-2,,,,,2026-09-09 07:25,,0,,,live
2026-09-09 14:38,1481156860021844134-2609091216-7,,RB81,,,2026-09-09 12:50,,0,,,live
2026-09-09 14:38,1526194876276388981-2609091100-7,,RE3,,,2026-09-09 12:08,,0,,,live
2026-09-09 14:38,1663072533275665667-2609090441-9,,,,,2026-09-09 08:54,,0,11,,live
2026-09-09 14:38,1676136864232676735-2609090902-11,,RB61,,,2026-09-09 10:10,,0,,,live
2026-09-09 14:38,1868509910897110613-2609090537-11,,,,,2026-09-09 11:32,,0,,,live
2026-09-09 14:38,1918121920534945268-2609090935-9,,RB81,,,2026-09-09 10:19,,0,5,,live
2026-09-09 14:38,2175070727568941335-2609090817-11,,RE7,,,2026-09-09 10:20,,0,,,live
2026-09-09 14:38,2686007473625185344-2609082352-21,,,,,2026-09-09 10:29,,0,,,live
2026-09-09 14:38,2841218850592143799-2609091017-11,,RE7,,,2026-09-09 12:23,,0,,,live
2026-09-09 14:38,2897765782443439104-2609090653-2,,,,,2026-09-09 06:57,,0,,,live
2026-09-09 14:38,356937165382539921-2609091053-9,,RB71,,,2026-09-09 11:42,,0,,,live
2026-09-09 14:38,3950731673291584387-2609090854-9,,,,,2026-09-09 12:59,,0,,,live
2026-09-09 14:38,4180424140630502365-2609090521-2,,,,,2026-09-09 05:26,,0,,,live
2026-09-09 14:38,4423248224118207012-2609091009-13,,RE5,,,2026-09-09 12:07,,1,,,live
2026-09-09 14:38,474224413520299351-2609090453-2,,,,,2026-09-09 04:59,,0,,,live
2026-09-09 14:38,5028473175569704025-2609090403-11,,,,,2026-09-09 10:17,,0,,,live
2026-09-09 14:38,546102445726443994-2609090502-10,,,,,2026-09-09 10:54,,0,,,live
2026-09-09 14:38,5489382238418385337-2609082156-3,,,,,2026-09-08 22:11,,0,,,live
2026-09-09 14:38,6135728412348303878-2609090711-9,,,,,2026-09-09 11:17,,0,,,live
2026-09-09 14:38,63634424795789903-2609091133-6,,RE4,,,2026-09-09 12:45,,0,,,live
2026-09-09 14:38,6658736939566971565-2609091116-7,,RB81,,,2026-09-09 11:48,,0,,,live
2026-09-09 14:38,6756492642009796517-2609090900-7,,RE3,,,2026-09-09 10:29,,0,,,live
2026-09-09 14:38,6813734917929463684-2609091002-11,,RB61,,,2026-09-09 11:07,,0,14D-F,,live
2026-09-09 14:38,7911763598988154921-2609090553-2,,,,,2026-09-09 06:00,,0,,,live
2026-09-09 14:38,8082687733656221962-2609091137-6,,RE80,,,2026-09-09 12:29,,0,,,live
2026-09-09 14:38,8189707621727874292-2609090446-13,,,,,2026-09-09 11:47,,0,,,live
2026-09-09 14:38,8319768709472249445-2609090905-8,,RE7,,,2026-09-09 10:20,,0,,,live
2026-09-09 14:38,8518232099080018263-2609090426-3,,,,,2026-09-09 04:39,,0,,,live
2026-09-09 14:38,856699154830603595-2609090937-8,,RE70,,,2026-09-09 10:50,,0,,,live
2026-09-09 14:38,8650302694209898727-2609090909-13,,RE5,,,2026-09-09 11:03,,0,,,live
2026-09-09 14:38,937531600424895578-2609090549-13,,,,,2026-09-09 12:38,,0,,,live
2026-09-09 14:38,2695891441489451320-2609090453-2,,,,2026-09-09 04:57,2026-09-09 04:59,2,0,,,live
2026-09-09 14:38,-2498977610481013810-2609090653-2,,,,2026-09-09 06:57,2026-09-09 06:57,0,0,,,live
2026-09-09 14:38,-5591597380485360579-2609082059-13,,,,2026-09-09 07:53,2026-09-09 09:46,113,0,11,,live
2026-09-09 14:38,1003446772902483359-2609082059-13,,,,2026-09-09 07:53,2026-09-09 09:46,113,0,11,,live
2026-09-09 14:38,-7058442198521206872-2609081836-13,,,,2026-09-09 08:38,2026-09-09 09:57,79,0,11,,live
2026-09-09 14:38,-8677182982400525824-2609082030-14,,,,2026-09-09 08:38,2026-09-09 09:57,79,0,11,,live
2026-09-09 14:38,-1039266865788575878-2609090731-100,,,,2026-09-09 08:58,2026-09-09 09:07,9,0,,,live
2026-09-09 14:38,9052567136383489603-2609090445-9,,,,2026-09-09 09:38,2026-09-09 10:06,28,0,,,live
2026-09-09 14:38,-4803413020616385260-2609090936-2,,,,2026-09-09 09:47,2026-09-09 10:40,53,0,8,,live
2026-09-09 14:38,-8916814441775474153-2609090403-11,,,,2026-09-09 09:57,2026-09-09 10:17,20,0,,,live
2026-09-09 14:38,6988794222639938617-2609082352-21,,,,2026-09-09 10:15,2026-09-09 10:29,14,0,,,live
2026-09-09 14:38,-540664132931935474-2609090653-5,,,,2026-09-09 10:24,2026-09-09 11:00,36,0,,,live
2026-09-09 14:38,-8882657082382035783-2609090933-6,,RE4,,2026-09-09 10:45,2026-09-09 11:35,50,0,,,live
2026-09-09 14:38,4601770910097207813-2609090537-11,,,,2026-09-09 11:24,2026-09-09 11:32,8,0,,,live
2026-09-09 14:38,3185030025333421149-2609090609-11,,,,2026-09-09 11:57,2026-09-09 12:01,4,0,,,live
2026-09-09 18:01,-1928754627191023814-2609090616-3,,,,,2026-09-09 07:29,,0,,,live
2026-09-09 18:01,-3387026704187874513-2609090821-2,,,,,2026-09-09 08:27,,0,,,live
2026-09-09 18:01,-3783829201967449571-2609090617-3,,,,,2026-09-09 06:31,,0,,,live
2026-09-09 18:01,-7826121091385121434-2609090753-2,,,,,2026-09-09 07:58,,0,,,live
2026-09-09 18:01,-8003392339101483857-2609090707-10,,,,,2026-09-09 13:08,,0,,,live
2026-09-09 18:01,-8840483483231584537-2609091055-2,,,,,2026-09-09 11:15,,0,,,live
2026-09-09 18:01,-94874149339089986-2609090904-2,,,,,2026-09-09 09:17,,0,,,live
2026-09-09 18:01,1243639550107319833-2609091134-10,,RE8,,,2026-09-09 13:10,,1,,,live
2026-09-09 18:01,1966986577936928288-2609082111-2,,,,,2026-09-08 23:58,,0,6,,live
2026-09-09 18:01,2082653246441066227-2609090740-9,,,,,2026-09-09 11:53,,0,,,live
2026-09-09 18:01,2512226212358951491-2609090716-4,,,,,2026-09-09 08:37,,0,8,,live
2026-09-09 18:01,3572373505574423058-2609090734-2,,,,,2026-09-09 07:49,,0,,,live
2026-09-09 18:01,428699380039786739-2609090722-8,,,,,2026-09-09 12:48,,0,,,live
2026-09-09 18:01,5368624065780683257-2609091137-8,,RE70,,,2026-09-09 13:17,,0,,,live
2026-09-09 18:01,6091267017474750753-2609090816-3,,,,,2026-09-09 09:30,,0,,,live
2026-09-09 18:01,6512354943507599026-2609090526-3,,,,,2026-09-09 05:38,,0,,,live
2026-09-09 18:01,6700288758807829180-2609090953-2,,,,,2026-09-09 09:57,,0,,,live
2026-09-09 18:01,8858215695273508971-2609090621-2,,,,,2026-09-09 06:25,,0,,,live
2026-09-09 18:01,1656507496924634446-2609091202-11,,RB61,,,2026-09-09 13:20,,0,,,live
2026-09-09 18:01,1170763571226731300-2609091200-7,,RE3,,,2026-09-09 13:13,,0,,,live
2026-09-09 18:01,-2236082770520034141-2609090822-7,,,,,2026-09-09 13:22,,0,,,live
2026-09-09 18:01,735896325928713766-2609090525-15,,,,,2026-09-09 13:43,,0,,,live
2026-09-09 18:01,3730194782886715569-2609091235-9,,RB81,,,2026-09-09 13:18,,0,,,live
2026-09-09 18:01,-2053455840597925551-2609091117-11,,RE7,,,2026-09-09 13:35,,1,,,live
2026-09-09 18:01,-2125895193974483860-2609091205-8,,RE7,,,2026-09-09 13:35,,1,,,live
2026-09-09 18:01,-5894767788106580379-2609090649-11,,,,,2026-09-09 13:45,,0,6,,live
2026-09-09 18:01,-2600806661377466654-2609091237-6,,RE80,,,2026-09-09 13:26,,0,,,live
2026-09-09 18:01,7077598883490130568-2609090646-12,,,,,2026-09-09 13:39,,0,8,,live
2026-09-09 18:01,-1931865637326654156-2609091306-5,,RE1,,,2026-09-09 13:38,,0,,,live
2026-09-09 18:01,1671051126202486422-2609091253-9,,RB71,,,2026-09-09 13:41,,1,,,live
2026-09-09 18:01,1368141755022019604-2609091233-6,,RE4,,,2026-09-09 13:54,,0,,,live
2026-09-09 18:01,-6830790016000204290-2609091316-7,,RB81,,,2026-09-09 13:49,,0,5D-F,,live
2026-09-09 18:01,496656278151264987-2609091237-8,,RE70,,,2026-09-09 13:59,,1,,,live
2026-09-09 18:01,2790068655146168328-2609091234-10,,RE8,,,2026-09-09 13:56,,0,5A-C,,live
2026-09-09 18:01,4652419126160347-2609091209-13,,RE5,,,2026-09-09 13:56,,0,,,live
2026-09-09 18:01,6578135918072112140-2609091302-11,,RB61,,,2026-09-09 14:06,,0,,,live
2026-09-09 18:01,-5345756847556552176-2609091300-7,,RE3,,,2026-09-09 14:09,,0,,,live
2026-09-09 18:01,5940191387125685157-2609091208-5,,,,,2026-09-09 14:14,,0,8,,live
2026-09-09 18:01,67517114520381301-2609090534-16,,,,,2026-09-09 14:33,,0,,,live
2026-09-09 18:01,-9020387200604849828-2609091335-9,,RB81,,,2026-09-09 14:19,,0,,,live
2026-09-09 18:01,-691048836761689376-2609091334-9,,RB31,,,2026-09-09 14:29,,0,,,live
2026-09-09 18:01,-1170383355919601488-2609091305-8,,RE7,,,2026-09-09 14:26,,0,,,live
2026-09-09 18:01,-7614266119749148509-2609091222-11,,RE7,,,2026-09-09 14:26,,0,,,live
2026-09-09 18:01,-1885299607346709500-2609090831-10,,,,,2026-09-09 14:26,,0,,,live
2026-09-09 18:01,5998728119233124715-2609091337-6,,RE80,,,2026-09-09 14:25,,0,,,live
2026-09-09 18:01,-7676591997781413630-2609091208-20,,RE1,,,2026-09-09 14:38,,0,,,live
2026-09-09 18:01,-1618433914809757000-2609090922-8,,,,,2026-09-09 14:51,,0,,,live
2026-09-09 18:01,-2019839073025463546-2609091353-9,,RB71,,,2026-09-09 14:51,,0,,,live
2026-09-09 18:01,-7464145250026418942-2609091333-6,,RE4,,,2026-09-09 14:48,,0,,,live
2026-09-09 18:01,-1418573917290258550-2609091416-7,,RB81,,,2026-09-09 14:48,,0,,,live
2026-09-09 18:01,-4211027881444132736-2609091337-8,,RE70,,,2026-09-09 14:55,,0,,,live
2026-09-09 18:01,-4241531394840947764-2609091334-10,,RE8,,,2026-09-09 14:53,,0,,,live
2026-09-09 18:01,-8764705188538064520-2609091309-13,,RE5,,,2026-09-09 15:00,,0,,,live
2026-09-09 18:01,9052858960919066097-2609090912-10,,,,,2026-09-09 15:12,,0,11,,live
2026-09-09 18:01,7226977113444121927-2609091402-11,,RB61,,,2026-09-09 15:04,,0,,,live
2026-09-09 18:01,-5599998702057193678-2609091400-7,,RE3,,,2026-09-09 15:06,,0,,,live
2026-09-09 18:01,2228017092216421635-2609091435-9,,RB81,,,2026-09-09 15:19,,0,,,live
2026-09-09 18:01,6680342960452230153-2609091434-9,,RB31,,,2026-09-09 15:29,,0,,,live
2026-09-09 18:01,-4826673439027047350-2609091405-8,,RE7,,,2026-09-09 15:27,,0,,,live
2026-09-09 18:01,-8115007961234754659-2609091317-11,,RE7,,,2026-09-09 15:27,,0,,,live
2026-09-09 18:01,-8455037015374655075-2609091437-6,,RE80,,,2026-09-09 15:25,,0,,,live
2026-09-09 18:01,6624010953416104632-2609091409-14,,RE1,,,2026-09-09 15:38,,0,,,live
2026-09-09 18:01,-8928814972859994512-2609090846-12,,,,,2026-09-09 15:54,,0,,,live
2026-09-09 18:01,8382636079350254225-2609091453-9,,RB71,,,2026-09-09 15:46,,0,,,live
2026-09-09 18:01,7839939373967476089-2609091433-6,,RE4,,,2026-09-09 15:49,,0,,,live
2026-09-09 18:01,-3422739654119885417-2609091516-7,,RB81,,,2026-09-09 15:48,,0,,,live
2026-09-09 18:01,-2446850498330316768-2609091434-10,,RE8,,,2026-09-09 15:54,,0,,,live
2026-09-09 18:01,-838066948068984775-2609090753-2,,,,2026-09-09 07:57,2026-09-09 07:58,1,0,,,live
2026-09-09 18:01,6920440659461477118-2609090809-4,,,,2026-09-09 10:11,2026-09-09 10:51,40,0,,,live
2026-09-09 18:01,-3008810852045808330-2609090722-8,,,,2026-09-09 12:39,2026-09-09 12:48,9,0,,,live
2026-09-09 18:01,-7462591771959148008-2609090707-10,,,,2026-09-09 12:57,2026-09-09 13:08,11,0,,,live
2026-09-09 18:01,-4879849040188302917-2609090649-11,,,,2026-09-09 13:24,2026-09-09 13:45,21,0,6,,live
2026-09-09 18:01,4250821308365947570-2609090528-13,,,,2026-09-09 13:49,2026-09-09 14:18,29,0,,,live
2026-09-09 18:01,-4151394777712103696-2609090805-11,,,,2026-09-09 13:57,2026-09-09 15:57,120,0,,,live
2026-09-09 18:01,4620996463609059711-2609090805-11,,,,2026-09-09 13:57,2026-09-09 15:57,120,0,,,live
2026-09-09 18:01,8310341193216391490-2609090912-10,,,,2026-09-09 14:57,2026-09-09 15:12,15,0,11,,live
2026-09-09 20:57,-2627319502414886509-2609091016-3,,,,,2026-09-09 11:25,,0,,,live
2026-09-09 20:57,-3131052602046952620-2609090631-10,,,,,2026-09-09 12:43,,0,6,,live
2026-09-09 20:57,-3500545049874534285-2609090626-3,,,,,2026-09-09 06:38,,0,,,live
2026-09-09 20:57,-3791061785274282598-2609091533-6,,RE4,,,2026-09-09 16:45,,0,,,live
2026-09-09 20:57,-3907081244664964516-2609091021-2,,,,,2026-09-09 10:25,,0,,,live
2026-09-09 20:57,-4069291697784823093-2609091535-9,,RB81,,,2026-09-09 16:18,,0,,,live
2026-09-09 20:57,-4602427783665327588-2609090726-3,,,,,2026-09-09 07:38,,0,,,live
2026-09-09 20:57,-5330316903894753270-2609090814-11,,10,,,2026-09-09 16:29,,0,5,,live
2026-09-09 20:57,-6038076520182518237-2609091553-9,,RB71,,,2026-09-09 16:41,,1,,,live
2026-09-09 20:57,-9054066435275015678-2609091500-7,,RE3,,,2026-09-09 16:15,,0,11,,live
2026-09-09 20:57,1217412450643884013-2609091537-6,,RE80,,,2026-09-09 16:27,,0,,,live
2026-09-09 20:57,5593758711446535859-2609091534-9,,RB31,,,2026-09-09 16:35,,0,13A-C,,live
2026-09-09 20:57,5801900968793407451-2609091509-13,,RE5,,,2026-09-09 17:01,,0,11A-C,,live
2026-09-09 20:57,7517605630292767265-2609091053-2,,,,,2026-09-09 11:03,,0,13,,live
2026-09-09 20:57,9218312428552671141-2609091502-11,,RB61,,,2026-09-09 16:10,,1,,,live
2026-09-09 20:57,6103550859959519263-2609091534-10,,RE8,,,2026-09-09 16:54,,0,,,live
2026-09-09 20:57,5294570055348083618-2609091408-20,,RE1,,,2026-09-09 16:42,,0,,,live
2026-09-09 20:57,4524345277180079514-2609091417-11,,RE7,,,2026-09-09 16:22,,1,,,live
2026-09-09 20:57,6556339575728025668-2609091537-8,,RE70,,,2026-09-09 16:56,,1,,,live
2026-09-09 20:57,-6412398759760115320-2609091611-5,,RB81,,,2026-09-09 16:34,,0,,,live
2026-09-09 20:57,-7698711103205390966-2609091616-7,,RB81,,,2026-09-09 16:50,,0,,,live
2026-09-09 20:57,-4555569034509598317-2609091409-5,,,,,2026-09-09 16:17,,0,,,live
2026-09-09 20:57,2674933742995769983-2609091505-8,,RE7,,,2026-09-09 16:22,,1,,,live
2026-09-09 20:57,6330890959881575446-2609090953-6,,,,,2026-09-09 13:25,,0,,,live
2026-09-09 20:57,-4746601975893891304-2609090851-11,,,,,2026-09-09 13:48,,0,,,live
2026-09-09 20:57,-2954831050481127767-2609091336-2,,,,,2026-09-09 13:53,,0,6,,live
2026-09-09 20:57,-508151058757607646-2609090716-17,,,,,2026-09-09 15:45,,0,,,live
2026-09-09 20:57,-1872892276374220322-2609091437-8,,RE70,,,2026-09-09 16:01,,0,,,live
2026-09-09 20:57,4230945073999771648-2609091409-13,,RE5,,,2026-09-09 16:04,,0,13,,live
2026-09-09 20:57,-561569379985084080-2609091012-11,,,,,2026-09-09 16:18,,0,12,,live
2026-09-09 20:57,-4785189941150615406-2609091602-11,,RB61,,,2026-09-09 17:01,,1,,,live
2026-09-09 20:57,8523839610329830225-2609091641-5,,RB81,,,2026-09-09 17:05,,0,,,live
2026-09-09 20:57,5847648822533792755-2609091600-7,,RE3,,,2026-09-09 17:09,,0,,,live
2026-09-09 20:57,9131889204506518131-2609091634-5,,RE1,,,2026-09-09 17:10,,0,,,live
2026-09-09 20:57,-1022053095410673294-2609091222-7,,,,,2026-09-09 17:37,,0,,,live
2026-09-09 20:57,5555371111259384160-2609090759-17,,,,,2026-09-09 17:15,,1,,,live
2026-09-09 20:57,-7953571156990560915-2609091635-9,,RB81,,,2026-09-09 17:18,,0,,,live
2026-09-09 20:57,-2963728539643316623-2609091634-9,,RB31,,,2026-09-09 17:28,,0,13A-C,,live
2026-09-09 20:57,-3188431469960858092-2609091517-12,,RE7,,,2026-09-09 17:22,,1,,,live
2026-09-09 20:57,2028916425846017892-2609091605-9,,RE7,,,2026-09-09 17:22,,1,,,live
2026-09-09 20:57,7394318309112910540-2609091637-6,,RE80,,,2026-09-09 17:26,,0,,,live
2026-09-09 20:57,-3430793657207903601-2609091711-5,,RB81,,,2026-09-09 17:34,,0,,,live
2026-09-09 20:57,8929512695746408772-2609091653-9,,RB71,,,2026-09-09 17:41,,1,,,live
2026-09-09 20:57,-5078598503242403170-2609091633-6,,RE4,,,2026-09-09 17:47,,0,,,live
2026-09-09 20:57,-6742916762499933092-2609091716-7,,RB81,,,2026-09-09 17:49,,0,5A-C,,live
2026-09-09 20:57,-1540995538453723069-2609091637-8,,RE70,,,2026-09-09 17:51,,1,,,live
2026-09-09 20:57,6965977597588668560-2609091634-10,,RE8,,,2026-09-09 17:53,,0,6A-C,,live
2026-09-09 20:57,-3283317902398424385-2609091053-2,,,,2026-09-09 10:57,2026-09-09 11:03,6,0,13,,live
2026-09-09 20:57,-3299300215104137566-2609090849-11,,,,2026-09-09 15:24,2026-09-09 17:20,116,0,8,,live
2026-09-09 20:57,3112945034824684661-2609090849-11,,,,2026-09-09 15:24,2026-09-09 17:25,121,0,8,,live
2026-09-09 20:57,-8386336934533711188-2609090728-13,,,,2026-09-09 15:49,2026-09-09 16:22,33,0,14,,live
2026-09-09 20:57,-9203637661661572499-2609091012-11,,,,2026-09-09 15:57,2026-09-09 16:18,21,0,12,,live
2026-09-09 23:09,-5703640496454004355-2609090825-3,,,,,2026-09-09 08:38,,0,,,live
2026-09-09 23:09,-8471873024121272354-2609090926-3,,,,,2026-09-09 09:44,,0,,,live
2026-09-09 23:09,1107401163985695681-2609091221-2,,,,,2026-09-09 12:27,,0,,,live
2026-09-09 23:09,3397100192751969577-2609091153-2,,,,,2026-09-09 12:16,,0,,,live
2026-09-09 23:09,5186490163197231839-2609091018-3,,,,,2026-09-09 10:54,,0,,,live
2026-09-09 23:09,8117886911530298430-2609091218-3,,,,,2026-09-09 12:32,,0,,,live
2026-09-09 23:09,-3516612710550469561-2609091253-2,,,,,2026-09-09 13:10,,0,,,live
2026-09-09 23:09,705193835817191755-2609091216-3,,,,,2026-09-09 13:31,,0,13,,live
2026-09-09 23:09,-266204046597736577-2609091353-2,,,,,2026-09-09 14:04,,0,8,,live
2026-09-09 23:09,-3692955521338963828-2609091055-6,,,,,2026-09-09 14:21,,0,,,live
2026-09-09 23:09,6183313586347354073-2609091455-2,,,,,2026-09-09 15:07,,0,,,live
2026-09-09 23:09,8290912034684684315-2609091536-2,,,,,2026-09-09 15:52,,0,,,live
2026-09-09 23:09,6407795434365923900-2609091609-14,,RE1,,,2026-09-09 17:59,,0,,,live
2026-09-09 23:09,5327127949346955926-2609091609-13,,RE5,,,2026-09-09 18:07,,0,,,live
2026-09-09 23:09,7679942365398287951-2609091702-11,,RB61,,,2026-09-09 18:01,,1,,,live
2026-09-09 23:09,3934059699535638280-2609091741-5,,RB81,,,2026-09-09 18:06,,0,8,,live
2026-09-09 23:09,-4382352578512903050-2609091700-7,,RE3,,,2026-09-09 18:12,,0,,,live
2026-09-09 23:09,2623521057551511012-2609091734-5,,RE1,,,2026-09-09 18:10,,0,5A-C,,live
2026-09-09 23:09,-1801168499836799587-2609091735-9,,RB81,,,2026-09-09 18:18,,0,,,live
2026-09-09 23:09,-4829231221989570123-2609091734-9,,RB31,,,2026-09-09 18:34,,0,13A-C,,live
2026-09-09 23:09,7983265410354562836-2609090844-14,,10,,,2026-09-09 18:33,,1,,,live
2026-09-09 23:09,-3143394660947009224-2609091705-9,,RE7,,,2026-09-09 18:21,,1,,,live
2026-09-09 23:09,3210025791970963021-2609091617-12,,RE7,,,2026-09-09 18:21,,1,,,live
2026-09-09 23:09,7597922018485472491-2609091737-6,,RE80,,,2026-09-09 18:25,,0,,,live
2026-09-09 23:09,991196480841819463-2609091811-5,,RB81,,,2026-09-09 18:34,,0,,,live
2026-09-09 23:09,-6660596252710225389-2609091608-20,,RE1,,,2026-09-09 18:42,,0,8,,live
2026-09-09 23:09,-437127119749809605-2609091753-9,,RB71,,,2026-09-09 18:41,,1,,,live
2026-09-09 23:09,-9085290573223992650-2609091733-6,,RE4,,,2026-09-09 18:45,,0,,,live
2026-09-09 23:09,-168947615118543906-2609091816-7,,RB81,,,2026-09-09 18:48,,0,,,live
2026-09-09 23:09,-3033115216451536190-2609091737-8,,RE70,,,,,1,,,live
2026-09-09 23:09,-726710747635687293-2609091734-10,,RE8,,,2026-09-09 18:56,,0,,,live
2026-09-09 23:09,3752753900538111007-2609091709-13,,RE5,,,2026-09-09 18:58,,0,,,live
2026-09-09 23:09,8477967397184429333-2609091841-5,,RB81,,,2026-09-09 19:04,,0,,,live
2026-09-09 23:09,3287944090513843782-2609091800-7,,RE3,,,2026-09-09 19:10,,0,,,live
2026-09-09 23:09,3468951915484586958-2609091802-11,,RB61,,,2026-09-09 19:09,,1,,,live
2026-09-09 23:09,-5535788722995622570-2609091834-5,,RE1,,,2026-09-09 19:11,,0,,,live
2026-09-09 23:09,7702481692019596064-2609090838-20,,,,,2026-09-09 19:15,,1,,,live
2026-09-09 23:09,-3084196800500940002-2609091835-9,,RB81,,,2026-09-09 19:18,,0,8,,live
2026-09-09 23:09,-4196071307122765920-2609091834-9,,RB31,,,2026-09-09 19:43,,0,13A-C,,live
2026-09-09 23:09,-217182095076231910-2609091805-9,,RE7,,,2026-09-09 19:21,,1,,,live
2026-09-09 23:09,-8983882588452863360-2609091717-12,,RE7,,,2026-09-09 19:21,,1,,,live
2026-09-09 23:09,5432269152027501927-2609091837-6,,RE80,,,2026-09-09 19:25,,0,,,live
2026-09-09 23:09,-4941313803537188979-2609091911-5,,RB81,,,2026-09-09 19:34,,0,,,live
2026-09-09 23:09,-4674267576494149068-2609091809-14,,RE1,,,2026-09-09 19:38,,0,,,live
2026-09-09 23:09,1969652039886200745-2609091853-9,,RB71,,,2026-09-09 19:41,,1,,,live
2026-09-09 23:09,-8626241792514986920-2609091833-6,,RE4,,,2026-09-09 19:55,,0,11A-C,,live
2026-09-09 23:09,1987212636059922431-2609091916-7,,RB81,,,2026-09-09 19:49,,0,,,live
2026-09-09 23:09,2992892244540391539-2609091837-8,,RE70,,,,,1,,,live
2026-09-09 23:09,616463185832256372-2609091834-10,,RE8,,,2026-09-09 19:54,,0,,,live
2026-09-09 23:09,-189392109382465219-2609091809-13,,RE5,,,2026-09-09 19:58,,0,,,live
2026-09-09 23:09,-1261071308251314263-2609091406-11,,,,,2026-09-09 19:57,,1,,,live
2026-09-09 23:09,849739818486357405-2609090622-8,,,,2026-09-09 11:28,2026-09-09 13:00,92,0,,,live
2026-09-09 23:09,2182381606323385063-2609091119-2,,,,2026-09-09 11:28,2026-09-09 13:00,92,0,,,live
2026-09-09 23:09,2174157627900790978-2609091153-2,,,,2026-09-09 11:57,2026-09-09 12:16,19,0,,,live
2026-09-09 23:09,2148876949028020433-2609091253-2,,,,2026-09-09 12:57,2026-09-09 13:10,13,0,,,live
2026-09-09 23:09,-7184453857839759572-2609090728-16,,,,2026-09-09 16:15,2026-09-09 17:45,,1,,,live
2026-09-09 23:09,-6012005053401607387-2609091122-8,,,,2026-09-09 16:39,2026-09-09 17:39,60,0,,,live
2026-09-09 23:09,1578146657653699899-2609091112-10,,,,2026-09-09 16:57,2026-09-09 19:27,,1,,,live
2026-09-09 23:09,-5981141401498695982-2609091048-11,,,,2026-09-09 17:24,2026-09-09 18:17,,1,,,live
2026-09-09 23:09,8088226351077928869-2609091046-12,,,,2026-09-09 17:35,2026-09-09 19:14,99,0,12,,live
2026-09-09 23:09,-7714364757423921343-2609091206-11,,,,2026-09-09 17:57,2026-09-09 19:18,,1,,,live
2026-09-09 23:09,9011011619156863439-2609090928-16,,,,2026-09-09 18:15,2026-09-09 19:25,,1,,,live
2026-09-09 23:09,776874307993202871-2609091246-12,,,,2026-09-09 19:38,2026-09-09 20:30,52,0,,,live
2026-09-10 01:06,-1151057268452720658-2609091137-2,,,,,2026-09-09 11:47,,0,,,live
2026-09-10 01:06,-1497213994658544450-2609091154-2,,,,,2026-09-09 12:06,,0,,,live
2026-09-10 01:06,-6235789055676348186-2609091626-3,,,,,2026-09-09 16:38,,1,,,live
2026-09-10 01:06,-762086226758254325-2609091226-3,,,,,2026-09-09 12:50,,0,,,live
2026-09-10 01:06,-9013027983394594721-2609090916-2,,,,,2026-09-09 09:33,,0,,,live
2026-09-10 01:06,5653087570567167872-2609091126-3,,,,,2026-09-09 11:38,,0,,,live
2026-09-10 01:06,6610086332469437335-2609091026-3,,,,,2026-09-09 10:39,,0,,,live
2026-09-10 01:06,-7621712260142359390-2609091618-3,,,,,2026-09-09 16:33,,0,,,live
2026-09-10 01:06,5646701767039716240-2609091317-2,,,,,2026-09-09 13:36,,0,12,,live
2026-09-10 01:06,-2910589038648014094-2609091326-3,,,,,2026-09-09 13:42,,0,,,live
2026-09-10 01:06,-8215575323288146568-2609091421-2,,,,,2026-09-09 14:31,,0,,,live
2026-09-10 01:06,-4503530441970809798-2609091418-3,,,,,2026-09-09 14:37,,0,,,live
2026-09-10 01:06,-7956047615718350819-2609091426-3,,,,,2026-09-09 14:42,,0,,,live
2026-09-10 01:06,5612476870594813183-2609091453-2,,,,,2026-09-09 14:56,,0,,,live
2026-09-10 01:06,3366099886625871029-2609091416-3,,,,,2026-09-09 15:17,,0,,,live
2026-09-10 01:06,-1594677098900319220-2609091022-8,,,,,2026-09-09 15:35,,0,,,live
2026-09-10 01:06,6194893901306646476-2609091726-3,,,,,2026-09-09 17:38,,1,,,live
2026-09-10 01:06,-5487531873915021544-2609091753-2,,,,,2026-09-09 17:56,,1,14,,live
2026-09-10 01:06,8176182407586879684-2609091818-3,,,,,2026-09-09 18:31,,1,,,live
2026-09-10 01:06,6810614476303646777-2609091826-3,,,,,2026-09-09 18:38,,1,,,live
2026-09-10 01:06,387110255594909239-2609091816-3,,,,,2026-09-09 19:25,,1,,,live
2026-09-10 01:06,7295872794936909964-2609091918-2,,,,,,,1,,,live
2026-09-10 01:06,-8196009632544207530-2609091936-2,,,,,2026-09-09 19:47,,1,,,live
2026-09-10 01:06,-1776648406059141505-2609091902-11,,RB61,,,2026-09-09 20:01,,1,,,live
2026-09-10 01:06,-4960769804742065454-2609091941-5,,RB81,,,2026-09-09 20:05,,0,,,live
2026-09-10 01:06,8817258909479770029-2609091900-7,,RE3,,,2026-09-09 20:14,,0,,,live
2026-09-10 01:06,-605356019567509609-2609091935-9,,RB81,,,2026-09-09 20:18,,0,,,live
2026-09-10 01:06,-8977158693366199082-2609091934-9,,RB31,,,2026-09-09 20:29,,0,,,live
2026-09-10 01:06,791009188262532597-2609091214-11,,10,,,2026-09-09 20:23,,1,,,live
2026-09-10 01:06,-2491225657618914529-2609091905-9,,RE7,,,2026-09-09 20:22,,1,,,live
2026-09-10 01:06,8552297428684472340-2609091817-12,,RE7,,,2026-09-09 20:22,,1,,,live
2026-09-10 01:06,-7033374564671118827-2609091937-6,,RE80,,,2026-09-09 20:25,,0,,,live
2026-09-10 01:06,-4651091680957662997-2609091808-20,,RE1,,,2026-09-09 20:38,,0,,,live
2026-09-10 01:06,8449059739450198843-2609091452-8,,,,,2026-09-09 20:44,,1,,,live
2026-09-10 01:06,-4721324655961804637-2609091953-9,,RB71,,,2026-09-09 20:41,,1,,,live
2026-09-10 01:06,-657578417068350480-2609091933-6,,RE4,,,2026-09-09 20:43,,0,,,live
2026-09-10 01:06,-1594939601719293815-2609092016-7,,RB81,,,2026-09-09 20:49,,0,,,live
2026-09-10 01:06,1653769359355988939-2609091937-8,,RE70,,,,,1,,,live
2026-09-10 01:06,-7189239938680406879-2609091934-10,,RE8,,,2026-09-09 20:57,,0,,,live
2026-09-10 01:06,-6335441146611643039-2609091909-13,,RE5,,,2026-09-09 21:00,,0,,,live
2026-09-10 01:06,4560172541036709998-2609091512-10,,,,,2026-09-09 20:57,,1,,,live
2026-09-10 01:06,-5033423880624192770-2609092000-7,,RE3,,,2026-09-09 21:09,,0,,,live
2026-09-10 01:06,-8705107722613527627-2609091059-23,,,,,2026-09-09 21:44,,0,13,,live
2026-09-10 01:06,-4684127518317498007-2609092035-9,,RB81,,,2026-09-09 21:20,,0,,,live
2026-09-10 01:06,-1621849622641880552-2609092034-9,,RB31,,,2026-09-09 21:39,,0,,,live
2026-09-10 01:06,-1588936129122896413-2609091448-11,,,,,2026-09-09 23:09,,0,8,,live
2026-09-10 01:06,8620543286702518895-2609091957-15,,RB41,,,2026-09-09 21:27,,0,,,live
2026-09-10 01:06,2276889944093943677-2609092037-6,,RE80,,,2026-09-09 21:25,,0,,,live
2026-09-10 01:06,-8243134940294726177-2609091446-12,,,,,2026-09-09 21:37,,1,,,live
2026-09-10 01:06,663190152182156072-2609092106-5,,RE1,,,2026-09-09 21:41,,0,,,live
2026-09-10 01:06,-7092677900906309611-2609092033-6,,RE4,,,2026-09-09 21:51,,0,11A-C,,live
2026-09-10 01:06,-2167438544370822717-2609092136-2,,,,,,,1,,,live
2026-09-10 01:06,-7989621655338553543-2609092116-7,,RB81,,,2026-09-09 21:49,,0,,,live
2026-09-10 01:06,-8541225441126762699-2609092034-10,,RE8,,,2026-09-09 21:54,,0,,,live
2026-09-10 01:06,8752482116785104842-2609091043-16,,,,,2026-09-09 21:57,,1,,,live
2026-09-10 01:06,5934575629537714195-2609092100-7,,RE3,,,2026-09-09 22:12,,0,14A-C,,live
2026-09-10 01:06,-4485210929310056893-2609091626-11,,,,,2026-09-09 22:18,,1,,,live
2026-09-10 01:06,5318762053619111542-2609092135-9,,RB81,,,2026-09-09 22:18,,0,,,live
2026-09-10 01:06,-8573984535168492837-2609092135-9,,RB31,,,2026-09-09 22:23,,0,,,live
2026-09-10 01:06,-4980506932980029357-2609091631-10,,,,,2026-09-09 22:43,,1,,,live
2026-09-10 01:06,-2991242414688689415-2609092058-15,,RB41,,,2026-09-09 22:27,,0,,,live
2026-09-10 01:06,-6004858853457181289-2609092137-6,,RE80,,,2026-09-09 22:25,,0,,,live
2026-09-10 01:06,3022098769984207831-2609092008-20,,RE1,,,2026-09-09 22:42,,0,7G-I,,live
2026-09-10 01:06,6353778459721582899-2609092216-7,,RB81,,,2026-09-09 22:48,,0,,,live
2026-09-10 01:06,-339522110090732142-2609092134-10,,RE8,,,2026-09-09 22:53,,0,,,live
2026-09-10 01:06,7468334744528629490-2609091710-10,,,,,2026-09-09 22:57,,1,,,live
2026-09-10 01:06,-7193636000516531658-2609092200-7,,RE3,,,2026-09-09 23:11,,0,14A-C,,live
2026-09-10 01:06,-4758242349678413284-2609091238-21,,,,,2026-09-09 23:18,,1,,,live
2026-09-10 01:06,-5438102898558279853-2609092235-9,,RB81,,,2026-09-09 23:18,,0,,,live
2026-09-10 01:06,3655846017428359643-2609092234-9,,RB31,,,2026-09-09 23:33,,0,11,,live
2026-09-10 01:06,-8060825124218528893-2609092237-6,,RE80,,,2026-09-09 23:27,,0,,,live
2026-09-10 01:06,5159579159358071308-2609092316-7,,RB81,,,2026-09-09 23:48,,0,,,live
2026-09-10 01:06,3370285438001482281-2609092234-10,,RE8,,,2026-09-09 23:54,,0,,,live
2026-09-10 01:06,-1290839640796586839-2609091811-11,,,,,2026-09-09 23:57,,1,,,live
2026-09-10 01:06,-1411920686821013147-2609091418-3,,,,2026-09-09 14:31,2026-09-09 14:37,6,0,,,live
2026-09-10 01:06,1569724216077283936-2609091453-2,,,,2026-09-09 14:57,2026-09-09 15:00,3,0,,,live
2026-09-10 01:06,4616132509440114441-2609091553-2,,,,2026-09-09 15:57,2026-09-09 16:56,,1,,,live
2026-09-10 01:06,-988583344704703688-2609091553-2,,,,2026-09-09 15:57,2026-09-09 16:56,,1,,,live
2026-09-10 01:06,5018129031528756061-2609091031-10,,,,2026-09-09 16:24,2026-09-09 17:35,,1,,,live
2026-09-10 01:06,3445083957053622931-2609091621-2,,,,2026-09-09 16:25,2026-09-09 17:34,,1,,,live
2026-09-10 01:06,-4903045561539693758-2609091653-2,,,,2026-09-09 16:57,2026-09-09 16:56,,1,,,live
2026-09-10 01:06,-5846435217397947137-2609091653-2,,,,2026-09-09 16:57,2026-09-09 16:56,,1,,,live
2026-09-10 01:06,8419427910032747790-2609091059-12,,,,2026-09-09 17:15,2026-09-09 20:15,,1,,,live
2026-09-10 01:06,3457443120563044576-2609091616-3,,,,2026-09-09 17:25,2026-09-09 18:25,,1,,,live
2026-09-10 01:06,3027779636165716798-2609091436-6,,,,2026-09-09 17:47,2026-09-09 19:19,,1,,,live
2026-09-10 01:06,-7372930060420759878-2609091753-2,,,,2026-09-09 17:57,2026-09-09 17:56,,1,14,,live
2026-09-10 01:06,-3983398794259337464-2609090820-20,,,,2026-09-09 18:10,2026-09-09 20:07,,1,,,live
2026-09-10 01:06,-8987211390072106276-2609091231-10,,,,2026-09-09 18:25,2026-09-09 20:26,,1,,,live
2026-09-10 01:06,-2843829057041584062-2609091322-9,,,,2026-09-09 18:38,2026-09-09 19:18,,1,,,live
2026-09-10 01:06,6593321700898874670-2609091516-9,,,,2026-09-09 18:50,2026-09-09 20:20,,1,,,live
2026-09-10 01:06,-524151628723159576-2609091853-2,,,,2026-09-09 18:57,,,1,,,live
2026-09-10 01:06,-5985747340714934197-2609091422-7,,,,2026-09-09 19:01,2026-09-09 20:32,,1,,,live
2026-09-10 01:06,-667854438862135023-2609091248-11,,,,2026-09-09 19:25,2026-09-09 21:05,100,0,,,live
2026-09-10 01:06,-2953368913560705679-2609091809-5,,,,2026-09-09 20:10,2026-09-09 21:37,,1,,,live
2026-09-10 01:06,-6452407069337976676-2609091128-17,,,,2026-09-09 20:15,2026-09-09 21:04,49,0,14,,live
2026-09-10 01:06,-2635761254150782051-2609090730-21,,,,2026-09-09 20:25,2026-09-09 21:00,,1,,,live
2026-09-10 01:06,-1302275594339840200-2609091522-8,,,,2026-09-09 20:29,2026-09-09 21:53,84,0,,,live
2026-09-10 01:06,-4586234191189431877-2609091512-10,,,,2026-09-09 20:57,2026-09-09 20:57,,1,,,live
2026-09-10 01:06,-4925631668679901084-2609092121-2,,,,2026-09-09 21:25,,,1,,,live
2026-09-10 01:06,-5837382828980643327-2609092009-13,,RE5,,2026-09-09 21:56,2026-09-09 22:45,49,0,11A-C,,live
2026-09-10 01:06,5818020606803679032-2609091606-11,,,,2026-09-09 21:57,2026-09-09 22:27,,1,,,live
2026-09-10 01:06,6954924236955692259-2609091328-16,,,,2026-09-09 22:15,2026-09-09 23:41,,1,,,live
2026-09-10 01:06,-2505125036943921121-2609091634-12,,,,2026-09-09 22:15,2026-09-09 23:41,,1,,,live
2026-09-10 01:06,9120432599921369422-2609091722-8,,,,2026-09-09 22:40,2026-09-09 23:30,50,0,,,live
2026-09-10 01:06,-4818102182269436190-2609091646-12,,,,2026-09-09 23:29,2026-09-10 00:34,65,0,,,live
2026-09-10 01:06,-2072129182728277674-2609091811-11,,,,2026-09-09 23:57,2026-09-09 23:57,,1,,,live
2026-09-10 01:06,3039826787542326923-2609092209-5,ICE,,702,2026-09-10 00:10,2026-09-10 00:47,37,0,7,Berlin Hbf,live
2026-09-10 01:06,-5040855886902453859-2609091528-16,ICE,,514,2026-09-10 00:15,2026-09-10 00:41,26,0,13,München Hbf,live
2026-09-10 01:06,5084834081299892186-2609092335-9,RB,RB81,11339,2026-09-10 00:18,2026-09-10 00:19,1,0,6A-C,Bad Oldesloe,live
2026-09-10 01:06,-4550435493069381661-2609092300-12,ME,RB31,81642,2026-09-10 00:20,2026-09-10 00:21,1,0,14,Uelzen,live
2026-09-10 01:06,-8941932149309778658-2609091922-9,ICE,,572,2026-09-10 00:30,2026-09-10 00:38,8,0,12,Stuttgart Hbf,live
2026-09-10 01:06,5575186578699553736-2609100000-7,RB,RB81,11391,2026-09-10 00:31,2026-09-10 00:30,-1,0,8,Bargteheide,live
2026-09-10 01:06,-6748942984235284913-2609092208-20,RE,RE1,4320,2026-09-10 00:38,2026-09-10 00:56,18,0,12A-B,Rostock Hbf,live
2026-09-10 01:06,-5610966871480323789-2609092312-15,ME,RB41,81942,2026-09-10 00:47,2026-09-10 00:47,0,0,11A-C,Bremen Hbf,live
2026-09-10 01:06,7356141276946838163-2609092334-10,RE,RE8,11441,2026-09-10 00:59,2026-09-10 00:59,0,0,8,Lübeck-Travemünde Strand,live
2026-09-10 06:00,2312296716933966404-2609091554-2,,,,,2026-09-09 16:05,,0,,,live
2026-09-10 06:00,-5425302918995479956-2609091526-3,,,,,2026-09-09 15:42,,0,,,live
2026-09-10 06:00,-7911985963316050659-2609091718-2,,,,,2026-09-09 17:56,,1,,,live
2026-09-10 06:00,5926473462606976417-2609091926-3,,,,,2026-09-09 19:38,,1,,,live
2026-09-10 06:00,5351133746540780755-2609092021-2,,,,,2026-09-09 20:24,,1,,,live
2026-09-10 06:00,3499338043235512572-2609092018-3,,,,,2026-09-09 20:31,,1,,,live
2026-09-10 06:00,-4463983841688751065-2609092026-3,,,,,2026-09-09 20:38,,1,,,live
2026-09-10 06:00,9011218217436282603-2609100346-10,,RB41,,,2026-09-10 04:47,,0,,,live
2026-09-10 06:00,7597089806492032299-2609092220-2,,,,,,,1,,,live
2026-09-10 06:00,4760651137475633059-2609092358-12,,RB31,,,2026-09-10 01:14,,0,,,live
2026-09-10 06:00,-6711307188089838742-2609100005-11,,RE7,,,2026-09-10 01:32,,0,,,live
2026-09-10 06:00,-3953708139935826553-2609100034-10,,RE8,,,2026-09-10 01:57,,0,,,live
2026-09-10 06:00,9034693412834794181-2609100425-5,,RB81,,,2026-09-10 04:48,,0,,,live
2026-09-10 06:00,-6439185077160185089-2609091821-2,,,,2026-09-09 18:25,2026-09-09 18:24,,1,,,live
2026-09-10 06:00,587801569957688992-2609092018-3,,,,2026-09-09 20:31,2026-09-09 20:31,,1,,,live
2026-09-10 06:00,-5967924537871298080-2609100308-8,,RE70,,2026-09-10 04:20,2026-09-10 04:50,,1,,,live
2026-09-10 06:00,-6641565464322350027-2609100402-100,,RB61,,2026-09-10 04:59,2026-09-10 05:05,6,0,5,,live
2026-09-10 06:00,8104519730754987199-2609100435-9,RB,RB81,11301,2026-09-10 05:18,2026-09-10 05:19,1,0,6A-C,Bad Oldesloe,live
2026-09-10 06:00,6057671368361283681-2609100354-14,RE,RE1,4300,2026-09-10 05:18,2026-09-10 05:20,2,0,7A-D,Schwerin Hbf,live
2026-09-10 06:00,-3431387958325342246-2609100408-12,ME,RB31,81604,2026-09-10 05:20,2026-09-10 05:25,5,0,11D-F,Uelzen,live
2026-09-10 06:00,-4394323290879927050-2609100402-9,RE,RE7,11203,2026-09-10 05:21,2026-09-10 05:21,0,0,7G-I,Kiel Hbf,live
2026-09-10 06:00,-810019226678636451-2609100437-6,RE,RE80,11453,2026-09-10 05:25,2026-09-10 05:25,0,0,5A-C,Lübeck Hbf,live
2026-09-10 06:00,-4204938752686762051-2609100516-7,RB,RB81,11353,2026-09-10 05:48,2026-09-10 05:48,0,0,5A-C,Bargteheide,live
2026-09-10 06:00,-7877843962657609673-2609100509-5,RE,RE8,11403,2026-09-10 05:53,2026-09-10 05:54,1,0,6A-C,Lübeck Hbf,live
2026-09-10 06:00,7651668250587456068-2609100433-15,ME,RB41,81958,2026-09-10 06:00,2026-09-10 06:02,2,0,11A-C,Bremen Hbf,live
2026-09-10 06:00,-8389170061218175037-2609100500-7,ME,RE3,82106,2026-09-10 06:05,2026-09-10 06:11,6,0,13A-C,Uelzen,live
2026-09-10 06:00,635156796628650000-2609100535-9,RB,RB81,11303,2026-09-10 06:18,2026-09-10 06:19,1,0,7A-D,Bad Oldesloe,live
2026-09-10 06:00,-9105898598852946278-2609100505-8,RE,RE7,11255,2026-09-10 06:21,2026-09-10 06:21,0,0,6D-F,Kiel Hbf,live
2026-09-10 06:00,8136190555525882553-2609100417-11,RE,RE7,11155,2026-09-10 06:21,2026-09-10 06:21,0,0,6D-F,Flensburg,live
2026-09-10 06:00,6183801689417187664-2609100537-6,RE,RE80,11455,2026-09-10 06:25,2026-09-10 06:25,0,0,6A-C,Lübeck Hbf,live
2026-09-10 06:00,-6478930024086118346-2609100408-20,RE,RE1,4302,2026-09-10 06:32,2026-09-10 06:33,1,0,5A-C,Rostock Hbf,live
2026-09-10 06:00,8312262657501080380-2609100611-5,RB,RB81,11565,2026-09-10 06:34,2026-09-10 06:34,0,0,7A-D,Ahrensburg,live
2026-09-10 06:00,8209469800275406026-2609092252-11,ICE,,1080,2026-09-10 06:42,2026-09-10 06:50,8,0,11,München Hbf,live
2026-09-10 06:00,-5254998360538564707-2609100528-8,ME,RE4,82008,2026-09-10 06:45,2026-09-10 06:45,0,0,13A-C,Bremen Hbf,live
2026-09-10 06:00,-6961852970408451758-2609100616-7,RB,RB81,11355,2026-09-10 06:48,2026-09-10 06:48,0,0,7A-D,Bargteheide,live
2026-09-10 06:00,2648435496848007442-2609100537-8,RE,RE70,11205,2026-09-10 06:51,2026-09-10 06:51,0,0,7G-I,Kiel Hbf,live
2026-09-10 06:00,-591780081192487579-2609100534-10,RE,RE8,11405,2026-09-10 06:53,2026-09-10 06:53,0,0,6A-C,Lübeck-Travemünde Strand,live
2026-09-10 11:23,6992012378128167215-2609091955-3,,,,,,,1,,,live
2026-09-10 11:23,-8018116824080471880-2609091955-3,,,,,,,1,,,live
2026-09-10 11:23,7511148090173910504-2609100412-3,,,,,2026-09-10 04:24,,0,,,live
2026-09-10 11:23,-2275836909676922659-2609100733-6,,RE4,,,,,1,,,live
2026-09-10 11:23,-3890685727423428970-2609100525-7,,,,,2026-09-10 09:36,,0,,,live
2026-09-10 11:23,2774174590951633862-2609092225-3,,,,,,,1,,,live
2026-09-10 11:23,6533056364528985396-2609100737-6,,RE80,,,2026-09-10 08:25,,0,,,live
2026-09-10 11:23,5305980712996650155-2609100717-11,,RE7,,,2026-09-10 09:23,,0,,,live
2026-09-10 11:23,-1822966271854478829-2609100335-11,,,,,2026-09-10 08:18,,0,11,,live
2026-09-10 11:23,1603666421141868109-2609100632-2,,,,,2026-09-10 08:36,,0,,,live
2026-09-10 11:23,9052379201596750574-2609100805-8,,RE7,,,2026-09-10 09:23,,0,,,live
2026-09-10 11:23,5028473175569704025-2609100403-11,,,,,,,1,,,live
2026-09-10 11:23,4733426678694405219-2609100700-7,,RE3,,,2026-09-10 08:11,,0,,,live
2026-09-10 11:23,1007082014350364628-2609100833-6,,RE4,,,2026-09-10 09:54,,0,12A-B,,live
2026-09-10 11:23,1240458014970414586-2609100809-5,,RE8,,,2026-09-10 08:53,,0,,,live
2026-09-10 11:23,-1047382441565348511-2609100806-9,,RB31,,,2026-09-10 09:20,,0,,,live
2026-09-10 11:23,-8657950163252962648-2609100705-8,,RE7,,,2026-09-10 08:30,,0,,,live
2026-09-10 11:23,5355727666584568311-2609100734-5,,RE1,,,2026-09-10 08:09,,0,,,live
2026-09-10 11:23,6220447137645637542-2609100737-8,,RE70,,,,,1,,,live
2026-09-10 11:23,-4788303791955844301-2609100800-7,,RE3,,,2026-09-10 09:16,,0,,,live
2026-09-10 11:23,3504736514239542448-2609100608-20,,RE1,,,2026-09-10 08:45,,0,,,live
2026-09-10 11:23,-1275104846797668518-2609100735-9,,RB81,,,2026-09-10 08:18,,0,6D-F,,live
2026-09-10 11:23,-7175223189646285482-2609100829-7,,RB41,,,2026-09-10 09:05,,0,11,,live
2026-09-10 11:23,-2081579378438234204-2609100659-7,,,,,,,1,,,live
2026-09-10 11:23,3199642534134629506-2609100741-5,,RB81,,,2026-09-10 08:04,,0,,,live
2026-09-10 11:23,-121286730437505369-2609100445-9,,,,,2026-09-10 09:57,,0,11,,live
2026-09-10 11:23,-463388714619476373-2609100734-4,,RE4,,,2026-09-10 08:15,,0,,,live
2026-09-10 11:23,-5138192615591901711-2609100617-11,,RE7,,,2026-09-10 08:30,,0,,,live
2026-09-10 11:23,1179810196779242077-2609100511-9,,,,,2026-09-10 09:15,,0,14,,live
2026-09-10 11:23,6885212790092918782-2609100627-5,,,,,2026-09-10 08:05,,0,8,,live
2026-09-10 11:23,-1151538930163409874-2609100813-7,,RB81,,,2026-09-10 08:48,,0,,,live
2026-09-10 11:23,5819505621821229464-2609100811-5,,RB81,,,2026-09-10 08:34,,0,,,live
2026-09-10 11:23,5177481596805362451-2609100726-7,,RE3,,,2026-09-10 08:31,,0,,,live
2026-09-10 11:23,1235622964461153188-2609100558-6,,,,,2026-09-10 08:28,,0,5,,live
2026-09-10 11:23,2933035166403061553-2609100734-8,,RE8X,,,2026-09-10 08:42,,0,,,live
2026-09-10 11:23,-4780306928560468597-2609091625-12,,,,,2026-09-10 05:05,,0,12,,live
2026-09-10 11:23,-8237034450104717281-2609092155-3,,,,,2026-09-10 05:00,,0,12,,live
2026-09-10 11:23,3633423506968040756-2609100536-2,,,,,2026-09-10 05:47,,0,8,,live
2026-09-10 11:23,8503777394879306018-2609092322-18,,,,,2026-09-10 06:53,,0,12,,live
2026-09-10 11:23,4199864035703836662-2609100641-5,,RB81,,,2026-09-10 07:04,,0,,,live
2026-09-10 11:23,-6026100001913276581-2609100605-7,,RE3,,,2026-09-10 07:18,,0,,,live
2026-09-10 11:23,4365224433668002406-2609100634-5,,RE1,,,2026-09-10 07:07,,0,,,live
2026-09-10 11:23,-7403540165833005095-2609100635-9,,RB81,,,2026-09-10 07:18,,0,,,live
2026-09-10 11:23,-9218627476631391022-2609100605-8,,RE7,,,2026-09-10 07:19,,0,,,live
2026-09-10 11:23,-61162464930520183-2609100517-11,,RE7,,,2026-09-10 07:19,,0,,,live
2026-09-10 11:23,3119815850397800818-2609100520-5,,,,,2026-09-10 07:36,,0,,,live
2026-09-10 11:23,5926379620860043859-2609100637-6,,RE80,,,2026-09-10 07:25,,0,,,live
2026-09-10 11:23,-1189483806781971425-2609100549-13,,RE5,,,,,1,,,live
2026-09-10 11:23,-7855767983278073293-2609100711-5,,RB81,,,2026-09-10 07:34,,0,,,live
2026-09-10 11:23,3087725302526898449-2609100609-14,,RE1,,,2026-09-10 07:49,,0,,,live
2026-09-10 11:23,-6238415479967927281-2609100648-7,,RE3,,,2026-09-10 08:01,,0,13A-C,,live
2026-09-10 11:23,-9071384910044894170-2609100634-8,,RE8X,,,2026-09-10 07:44,,0,8,,live
2026-09-10 11:23,6953208858522139559-2609100626-8,,RE4,,,,,1,,,live
2026-09-10 11:23,4444191826229498762-2609100713-7,,RB81,,,,,1,,,live
2026-09-10 11:23,-3583315075191368408-2609100712-7,,RB41,,,2026-09-10 07:53,,0,,,live
2026-09-10 11:23,7320984570293106503-2609100637-8,,RE70,,,2026-09-10 08:00,,0,,,live
2026-09-10 11:23,-5591597380485360579-2609092059-13,,,,,,,1,,,live
2026-09-10 11:23,1003446772902483359-2609092059-13,,,,,,,1,,,live
2026-09-10 11:23,1980048163959817893-2609100709-5,,RE8,,,2026-09-10 07:54,,0,,,live
2026-09-10 11:23,-7385034857744471466-2609100713-8,,RB31,,,2026-09-10 08:06,,0,,,live
2026-09-10 11:23,-7058442198521206872-2609091836-13,,,,,,,1,,,live
2026-09-10 11:23,-8677182982400525824-2609092030-14,,,,,,,1,,,live
2026-09-10 11:23,-4451989855667796403-2609100906-5,,RE1,,,2026-09-10 09:44,,0,,,live
2026-09-10 11:23,-4976880781789089102-2609100916-7,,RB81,,,2026-09-10 09:48,,0,,,live
2026-09-10 11:23,-7240898703310175045-2609100837-6,,RE80,,,2026-09-10 09:24,,0,,,live
2026-09-10 11:23,-7763829618738350329-2609100835-9,,RB81,,,2026-09-10 09:19,,0,,,live
2026-09-10 11:23,6162665181296755688-2609100834-10,,RE8,,,2026-09-10 09:53,,0,,,live
2026-09-10 11:23,-750532183628151839-2609100834-5,,RE1,,,2026-09-10 09:10,,0,,,live
2026-09-10 11:23,3941548061613216885-2609092111-2,,,,2026-09-09 23:45,2026-09-10 00:50,65,0,,,live
2026-09-10 11:23,-775316054258794957-2609100412-3,,,,2026-09-10 04:24,2026-09-10 04:24,0,0,,,live
2026-09-10 11:23,4761196508943264575-2609100520-5,,,,2026-09-10 07:25,2026-09-10 07:36,11,0,,,live
2026-09-10 11:23,3379887652565169899-2609100335-11,,,,2026-09-10 08:18,2026-09-10 08:18,0,0,11,,live
2026-09-10 11:23,2316331845670560281-2609100632-2,,,,2026-09-10 08:24,2026-09-10 08:36,12,0,,,live
2026-09-10 11:23,-1144247838478568850-2609100525-7,,,,2026-09-10 09:24,2026-09-10 09:36,12,0,,,live
2026-09-10 15:06,5489382238418385337-2609092156-3,,,,,,,1,,,live
2026-09-10 15:06,-521217330813819261-2609092156-3,,,,,,,1,,,live
2026-09-10 15:06,-2053455840597925551-2609101117-11,,RE7,,,2026-09-10 13:28,,0,,,live
2026-09-10 15:06,-2125895193974483860-2609101205-8,,RE7,,,2026-09-10 13:28,,0,,,live
2026-09-10 15:06,7077598883490130568-2609100646-12,,,,,2026-09-10 13:39,,0,,,live
2026-09-10 15:06,8518232099080018263-2609100426-3,,,,,2026-09-10 04:38,,0,,,live
2026-09-10 15:06,-2236082770520034141-2609100822-7,,,,,2026-09-10 13:18,,0,,,live
2026-09-10 15:06,-784036643221120658-2609100514-8,,,,,2026-09-10 09:10,,0,12,,live
2026-09-10 15:06,1663072533275665667-2609100441-9,,,,,2026-09-10 08:51,,0,,,live
2026-09-10 15:06,474224413520299351-2609100453-2,,,,,2026-09-10 04:57,,0,,,live
2026-09-10 15:06,4180424140630502365-2609100521-2,,,,,2026-09-10 05:34,,0,,,live
2026-09-10 15:06,-1592057700459732081-2609100517-3,,,,,2026-09-10 05:57,,0,8,,live
2026-09-10 15:06,7911763598988154921-2609100553-2,,,,,2026-09-10 06:02,,0,,,live
2026-09-10 15:06,2897765782443439104-2609100653-2,,,,,,,1,,,live
2026-09-10 15:06,1409628509556846116-2609100721-2,,,,,2026-09-10 07:25,,0,,,live
2026-09-10 15:06,-7826121091385121434-2609100753-2,,,,,2026-09-10 07:57,,0,,,live
2026-09-10 15:06,-4803413020616385260-2609100936-2,,,,,2026-09-10 09:49,,0,14,,live
2026-09-10 15:06,-6051409117345262240-2609100837-8,,RE70,,,2026-09-10 10:00,,0,,,live
2026-09-10 15:06,2790068655146168328-2609101234-10,,RE8,,,2026-09-10 13:55,,0,,,live
2026-09-10 15:06,-8636832709416990866-2609100901-10,,20,,,2026-09-10 13:32,,0,,,live
2026-09-10 15:06,3730194782886715569-2609101235-9,,RB81,,,2026-09-10 13:18,,0,,,live
2026-09-10 15:06,-6830790016000204290-2609101316-7,,RB81,,,2026-09-10 13:51,,0,,,live
2026-09-10 15:06,-1931865637326654156-2609101306-5,,RE1,,,2026-09-10 13:46,,0,,,live
2026-09-10 15:06,1368141755022019604-2609101233-6,,RE4,,,2026-09-10 13:51,,0,,,live
2026-09-10 15:06,1170763571226731300-2609101200-7,,RE3,,,2026-09-10 13:21,,0,,,live
2026-09-10 15:06,-2600806661377466654-2609101237-6,,RE80,,,2026-09-10 13:25,,0,,,live
2026-09-10 15:06,6756492642009796517-2609100900-7,,RE3,,,2026-09-10 10:14,,0,,,live
2026-09-10 15:06,2686007473625185344-2609100001-21,,,,,2026-09-10 10:19,,0,,,live
2026-09-10 15:06,1918121920534945268-2609100935-9,,RB81,,,2026-09-10 10:19,,0,,,live
2026-09-10 15:06,1232893202459009550-2609100757-4,,10,,,,,1,,,live
2026-09-10 15:06,2175070727568941335-2609100817-11,,RE7,,,2026-09-10 10:27,,0,,,live
2026-09-10 15:06,8319768709472249445-2609100905-8,,RE7,,,2026-09-10 10:27,,0,,,live
2026-09-10 15:06,-4229753936075266247-2609100937-6,,RE80,,,2026-09-10 10:25,,0,,,live
2026-09-10 15:06,546102445726443994-2609100502-10,,,,,2026-09-10 10:40,,0,,,live
2026-09-10 15:06,-4526666360188253894-2609100808-20,,RE1,,,2026-09-10 10:38,,0,,,live
2026-09-10 15:06,-8882657082382035783-2609100933-6,,RE4,,,2026-09-10 10:45,,0,14,,live
2026-09-10 15:06,-683754151173195972-2609101016-7,,RB81,,,2026-09-10 10:50,,0,,,live
2026-09-10 15:06,856699154830603595-2609100937-8,,RE70,,,2026-09-10 10:58,,0,,,live
2026-09-10 15:06,-6570859996030125968-2609100934-10,,RE8,,,2026-09-10 10:54,,0,,,live
2026-09-10 15:06,-3171428142048177713-2609100511-10,,,,,2026-09-10 11:16,,0,12,,live
2026-09-10 15:06,-5959358126767996816-2609101000-7,,RE3,,,2026-09-10 11:32,,1,,,live
2026-09-10 15:06,6135728412348303878-2609100711-9,,,,,2026-09-10 11:19,,0,,,live
2026-09-10 15:06,-7935312781145201778-2609101035-9,,RB81,,,2026-09-10 11:18,,0,,,live
2026-09-10 15:06,-4022866577318711827-2609101005-8,,RE7,,,2026-09-10 11:27,,0,,,live
2026-09-10 15:06,1029958765483496065-2609100917-11,,RE7,,,2026-09-10 11:27,,0,,,live
2026-09-10 15:06,1868509910897110613-2609100537-11,,,,,2026-09-10 11:33,,0,,,live
2026-09-10 15:06,-5486357965950019401-2609101037-6,,RE80,,,2026-09-10 11:24,,0,,,live
2026-09-10 15:06,8189707621727874292-2609100446-13,,,,,2026-09-10 11:59,,0,,,live
2026-09-10 15:06,-9112879062242116682-2609101106-5,,RE1,,,2026-09-10 11:46,,0,,,live
2026-09-10 15:06,-8011164337776733770-2609101033-6,,RE4,,,2026-09-10 11:54,,0,14,,live
2026-09-10 15:06,6658736939566971565-2609101116-7,,RB81,,,2026-09-10 11:48,,0,,,live
2026-09-10 15:06,-537957746364217611-2609101037-8,,RE70,,,2026-09-10 11:56,,0,,,live
2026-09-10 15:06,-8919754022988888966-2609101034-10,,RE8,,,2026-09-10 11:53,,0,,,live
2026-09-10 15:06,-3212205364154915817-2609100609-11,,,,,2026-09-10 12:16,,0,,,live
2026-09-10 15:06,1526194876276388981-2609101100-7,,RE3,,,2026-09-10 12:06,,0,,,live
2026-09-10 15:06,-827925658427249444-2609101009-5,,,,,,,1,,,live
2026-09-10 15:06,937531600424895578-2609100549-13,,,,,2026-09-10 12:23,,0,12,,live
2026-09-10 15:06,1404410154918675686-2609101135-9,,RB81,,,2026-09-10 12:19,,0,,,live
2026-09-10 15:06,94218488848062299-2609100845-5,,10,,,2026-09-10 12:33,,0,5,,live
2026-09-10 15:06,-7866109702434619455-2609101105-8,,RE7,,,2026-09-10 12:26,,0,,,live
2026-09-10 15:06,2841218850592143799-2609101017-11,,RE7,,,2026-09-10 12:26,,0,,,live
2026-09-10 15:06,8082687733656221962-2609101137-6,,RE80,,,2026-09-10 12:25,,0,,,live
2026-09-10 15:06,-8909059200116756821-2609101008-20,,RE1,,,2026-09-10 12:41,,0,,,live
2026-09-10 15:06,428699380039786739-2609100722-8,,,,,2026-09-10 12:38,,0,,,live
2026-09-10 15:06,63634424795789903-2609101133-6,,RE4,,,2026-09-10 12:57,,0,,,live
2026-09-10 15:06,1481156860021844134-2609101216-7,,RB81,,,2026-09-10 12:50,,0,,,live
2026-09-10 15:06,3950731673291584387-2609100854-9,,,,,2026-09-10 12:59,,0,8,,live
2026-09-10 15:06,5368624065780683257-2609101137-8,,RE70,,,2026-09-10 13:01,,0,,,live
2026-09-10 15:06,1243639550107319833-2609101134-10,,RE8,,,2026-09-10 12:56,,0,,,live
2026-09-10 15:06,-8003392339101483857-2609100707-10,,,,,2026-09-10 13:11,,0,12,,live
2026-09-10 15:06,4781449848509029885-2609100553-2,,,,2026-09-10 05:57,2026-09-10 06:02,5,0,,,live
2026-09-10 15:06,-108944886729966672-2609100653-2,,,,2026-09-10 06:57,,,1,,,live
2026-09-10 15:06,-1039266865788575878-2609100731-100,,,,2026-09-10 08:59,2026-09-10 09:01,2,0,8,,live
2026-09-10 15:06,-540664132931935474-2609100653-5,,,,2026-09-10 10:24,2026-09-10 11:40,76,0,8,,live
2026-09-10 15:06,-8635210938453609602-2609100609-11,,,,2026-09-10 11:57,2026-09-10 12:16,19,0,,,live
2026-09-10 15:06,2902741655104830964-2609100707-10,,,,2026-09-10 12:57,2026-09-10 13:11,14,0,12,,live
2026-09-10 18:30,2512226212358951491-2609100716-4,,,,,,,1,,,live
2026-09-10 18:30,-5894767788106580379-2609100649-11,,,,,2026-09-10 13:49,,0,,,live
2026-09-10 18:30,496656278151264987-2609101237-8,,RE70,,,2026-09-10 14:06,,0,,,live
2026-09-10 18:30,6091267017474750753-2609100816-3,,,,,2026-09-10 09:26,,0,,,live
2026-09-10 18:30,-3387026704187874513-2609100821-2,,,,,2026-09-10 08:27,,0,,,live
2026-09-10 18:30,4250821308365947570-2609100528-13,,,,,2026-09-10 14:01,,0,,,live
2026-09-10 18:30,-4151394777712103696-2609100805-11,,,,,2026-09-10 14:04,,0,12,,live
2026-09-10 18:30,6512354943507599026-2609100526-3,,,,,2026-09-10 05:39,,0,13,,live
2026-09-10 18:30,8858215695273508971-2609100621-2,,,,,2026-09-10 06:25,,0,13,,live
2026-09-10 18:30,-3783829201967449571-2609100617-3,,,,,2026-09-10 06:31,,0,8,,live
2026-09-10 18:30,3572373505574423058-2609100734-2,,,,,2026-09-10 07:44,,0,12,,live
2026-09-10 18:30,6700288758807829180-2609100953-2,,,,,2026-09-10 09:57,,0,,,live
2026-09-10 18:30,6920440659461477118-2609100809-4,,,,,,,1,,,live
2026-09-10 18:30,-8840483483231584537-2609101055-2,,,,,,,1,,,live
2026-09-10 18:30,-5345756847556552176-2609101300-7,,RE3,,,2026-09-10 14:05,,1,,,live
2026-09-10 18:30,5940191387125685157-2609101208-5,,,,,2026-09-10 14:15,,0,,,live
2026-09-10 18:30,-9020387200604849828-2609101335-9,,RB81,,,2026-09-10 14:18,,0,,,live
2026-09-10 18:30,-1170383355919601488-2609101305-8,,RE7,,,2026-09-10 14:23,,0,,,live
2026-09-10 18:30,-7614266119749148509-2609101222-11,,RE7,,,2026-09-10 14:23,,0,,,live
2026-09-10 18:30,5998728119233124715-2609101337-6,,RE80,,,2026-09-10 14:25,,0,,,live
2026-09-10 18:30,-1885299607346709500-2609100831-10,,,,,2026-09-10 14:49,,0,,,live
2026-09-10 18:30,-7676591997781413630-2609101208-20,,RE1,,,2026-09-10 14:41,,0,,,live
2026-09-10 18:30,-7464145250026418942-2609101333-6,,RE4,,,2026-09-10 14:45,,0,,,live
2026-09-10 18:30,-1418573917290258550-2609101416-7,,RB81,,,2026-09-10 14:48,,0,,,live
2026-09-10 18:30,-4211027881444132736-2609101337-8,,RE70,,,2026-09-10 14:51,,0,,,live
2026-09-10 18:30,-4241531394840947764-2609101334-10,,RE8,,,2026-09-10 15:04,,0,,,live
2026-09-10 18:30,9052858960919066097-2609100912-10,,,,,2026-09-10 15:14,,0,,,live
2026-09-10 18:30,-5599998702057193678-2609101400-7,,RE3,,,2026-09-10 15:20,,0,,,live
2026-09-10 18:30,2228017092216421635-2609101435-9,,RB81,,,2026-09-10 15:18,,0,,,live
2026-09-10 18:30,-4826673439027047350-2609101405-8,,RE7,,,2026-09-10 15:24,,0,,,live
2026-09-10 18:30,-8115007961234754659-2609101317-11,,RE7,,,2026-09-10 15:24,,0,,,live
2026-09-10 18:30,-8455037015374655075-2609101437-6,,RE80,,,2026-09-10 15:25,,0,,,live
2026-09-10 18:30,6624010953416104632-2609101409-14,,RE1,,,2026-09-10 15:38,,0,,,live
2026-09-10 18:30,-3422739654119885417-2609101516-7,,RB81,,,2026-09-10 15:48,,0,,,live
2026-09-10 18:30,-1872892276374220322-2609101437-8,,RE70,,,2026-09-10 15:57,,0,,,live
2026-09-10 18:30,-2446850498330316768-2609101434-10,,RE8,,,2026-09-10 15:54,,0,,,live
2026-09-10 18:30,-8204637859905938988-2609092111-2,,,,2026-09-09 23:45,2026-09-10 00:48,63,0,,,live
2026-09-10 18:30,7010865890648061607-2609100617-3,,,,2026-09-10 06:30,2026-09-10 06:31,1,0,8,,live
2026-09-10 18:30,735896325928713766-2609100525-15,,,,2026-09-10 13:15,2026-09-10 13:43,28,0,8,,live
2026-09-10 21:13,-94874149339089986-2609100904-2,,,,,2026-09-10 09:42,,0,13,,live
2026-09-10 21:13,-3500545049874534285-2609100626-3,,,,,2026-09-10 06:38,,0,,,live
2026-09-10 21:13,-1928754627191023814-2609100616-3,,,,,,,1,,,live
2026-09-10 21:13,-4602427783665327588-2609100726-3,,,,,2026-09-10 07:38,,0,,,live
2026-09-10 21:13,-4746601975893891304-2609100851-11,,,,,2026-09-10 13:55,,0,11,,live
2026-09-10 21:13,-2954831050481127767-2609101336-2,,,,,2026-09-10 14:00,,0,,,live
2026-09-10 21:13,-3907081244664964516-2609101021-2,,,,,2026-09-10 10:40,,0,13,,live
2026-09-10 21:13,5186490163197231839-2609101018-3,,,,,2026-09-10 10:47,,0,5,,live
2026-09-10 21:13,7517605630292767265-2609101053-2,,,,,,,1,,,live
2026-09-10 21:13,-2627319502414886509-2609101016-3,,,,,2026-09-10 11:29,,0,14,,live
2026-09-10 21:13,7839939373967476089-2609101433-6,,RE4,,,2026-09-10 16:01,,0,,,live
2026-09-10 21:13,-8386336934533711188-2609100728-13,,,,,2026-09-10 16:04,,0,,,live
2026-09-10 21:13,-9054066435275015678-2609101500-7,,RE3,,,2026-09-10 16:20,,0,,,live
2026-09-10 21:13,-4555569034509598317-2609101409-5,,,,,2026-09-10 16:21,,0,,,live
2026-09-10 21:13,-4069291697784823093-2609101535-9,,RB81,,,2026-09-10 16:18,,0,,,live
2026-09-10 21:13,-5330316903894753270-2609100814-11,,10,,,2026-09-10 16:26,,0,6D-F,,live
2026-09-10 21:13,2674933742995769983-2609101505-8,,RE7,,,2026-09-10 16:25,,0,,,live
2026-09-10 21:13,4524345277180079514-2609101417-11,,RE7,,,2026-09-10 16:25,,0,,,live
2026-09-10 21:13,1217412450643884013-2609101537-6,,RE80,,,2026-09-10 16:29,,0,,,live
2026-09-10 21:13,-6412398759760115320-2609101611-5,,RB81,,,2026-09-10 16:35,,0,,,live
2026-09-10 21:13,5294570055348083618-2609101408-20,,RE1,,,2026-09-10 16:41,,0,,,live
2026-09-10 21:13,-3791061785274282598-2609101533-6,,RE4,,,2026-09-10 16:45,,0,12A-B,,live
2026-09-10 21:13,-7698711103205390966-2609101616-7,,RB81,,,2026-09-10 16:51,,0,,,live
2026-09-10 21:13,6556339575728025668-2609101537-8,,RE70,,,2026-09-10 16:54,,0,,,live
2026-09-10 21:13,6103550859959519263-2609101534-10,,RE8,,,2026-09-10 16:57,,0,,,live
2026-09-10 21:13,1578146657653699899-2609101112-10,,,,,2026-09-10 17:20,,0,,,live
2026-09-10 21:13,8523839610329830225-2609101641-5,,RB81,,,2026-09-10 17:04,,0,,,live
2026-09-10 21:13,5847648822533792755-2609101600-7,,RE3,,,2026-09-10 17:11,,0,,,live
2026-09-10 21:13,9131889204506518131-2609101634-5,,RE1,,,2026-09-10 17:10,,0,,,live
2026-09-10 21:13,-1022053095410673294-2609101222-7,,,,,2026-09-10 17:13,,0,,,live
2026-09-10 21:13,-7953571156990560915-2609101635-9,,RB81,,,2026-09-10 17:18,,0,,,live
2026-09-10 21:13,2028916425846017892-2609101605-9,,RE7,,,2026-09-10 17:21,,0,,,live
2026-09-10 21:13,-3188431469960858092-2609101517-12,,RE7,,,2026-09-10 17:21,,0,,,live
2026-09-10 21:13,7394318309112910540-2609101637-6,,RE80,,,2026-09-10 17:25,,0,,,live
2026-09-10 21:13,-3430793657207903601-2609101711-5,,RB81,,,2026-09-10 17:34,,0,,,live
2026-09-10 21:13,8088226351077928869-2609101046-12,,,,,2026-09-10 17:52,,0,,,live
2026-09-10 21:13,6407795434365923900-2609101609-14,,RE1,,,2026-09-10 17:38,,0,,,live
2026-09-10 21:13,-5078598503242403170-2609101633-6,,RE4,,,2026-09-10 17:49,,0,,,live
2026-09-10 21:13,-6742916762499933092-2609101716-7,,RB81,,,2026-09-10 17:48,,0,,,live
2026-09-10 21:13,-1540995538453723069-2609101637-8,,RE70,,,2026-09-10 17:59,,0,,,live
2026-09-10 21:13,6965977597588668560-2609101634-10,,RE8,,,2026-09-10 17:53,,0,,,live
2026-09-10 21:13,9056559170114313483-2609100904-2,,,,2026-09-10 09:15,2026-09-10 09:42,27,0,13,,live
2026-09-10 21:13,-8295320768915815581-2609101018-3,,,,2026-09-10 10:31,2026-09-10 10:47,16,0,5,,live
2026-09-10 21:13,2082653246441066227-2609100740-9,,,,2026-09-10 11:46,2026-09-10 13:08,82,0,,,live
2026-09-10 21:13,-3131052602046952620-2609100631-10,,,,2026-09-10 12:24,2026-09-10 12:52,28,0,,,live
2026-09-10 21:13,67517114520381301-2609100534-16,,,,2026-09-10 14:15,2026-09-10 15:56,101,0,,,live
2026-09-10 21:13,-1618433914809757000-2609100922-8,,,,2026-09-10 14:40,2026-09-10 15:52,72,0,12,,live
2026-09-10 21:13,146034694200224603-2609100922-8,,,,2026-09-10 14:40,2026-09-10 15:55,75,0,12,,live
2026-09-10 21:13,-508151058757607646-2609100716-17,,,,2026-09-10 15:15,2026-09-10 16:24,69,0,8,,live
2026-09-10 21:13,-3299300215104137566-2609100849-11,,,,2026-09-10 15:24,2026-09-10 16:00,36,0,,,live
2026-09-10 21:13,-817221913954939816-2609100849-11,,,,2026-09-10 15:24,2026-09-10 16:00,36,0,,,live
2026-09-10 21:13,-8928814972859994512-2609100846-12,,,,2026-09-10 15:41,2026-09-10 16:37,56,0,13,,live
2026-09-10 21:13,-561569379985084080-2609101012-11,,,,2026-09-10 15:57,2026-09-10 16:27,30,0,12,,live
2026-09-10 21:13,-7184453857839759572-2609100728-16,,,,2026-09-10 16:15,2026-09-10 17:05,50,0,,,live
2026-09-10 23:14,-5703640496454004355-2609100825-3,,,,,2026-09-10 08:38,,0,,,live
2026-09-10 23:14,-8471873024121272354-2609100926-3,,,,,2026-09-10 09:39,,0,,,live
2026-09-10 23:14,705193835817191755-2609101216-3,,,,,2026-09-10 13:31,,0,,,live
2026-09-10 23:14,6330890959881575446-2609100953-6,,,,,2026-09-10 13:36,,0,13,,live
2026-09-10 23:14,3397100192751969577-2609101153-2,,,,,2026-09-10 12:09,,0,,,live
2026-09-10 23:14,1107401163985695681-2609101221-2,,,,,2026-09-10 12:32,,0,,,live
2026-09-10 23:14,8117886911530298430-2609101218-3,,,,,2026-09-10 12:38,,0,12,,live
2026-09-10 23:14,-3516612710550469561-2609101253-2,,,,,2026-09-10 13:09,,0,,,live
2026-09-10 23:14,-266204046597736577-2609101353-2,,,,,2026-09-10 13:57,,0,,,live
2026-09-10 23:14,6183313586347354073-2609101455-2,,,,,2026-09-10 15:05,,0,,,live
2026-09-10 23:14,8290912034684684315-2609101536-2,,,,,2026-09-10 15:54,,0,,,live
2026-09-10 23:14,-6012005053401607387-2609101122-8,,,,,2026-09-10 16:45,,0,8,,live
2026-09-10 23:14,-7714364757423921343-2609101206-11,,,,,2026-09-10 18:04,,0,11,,live
2026-09-10 23:14,3934059699535638280-2609101741-5,,RB81,,,2026-09-10 18:05,,0,,,live
2026-09-10 23:14,-4382352578512903050-2609101700-7,,RE3,,,2026-09-10 18:15,,0,,,live
2026-09-10 23:14,2623521057551511012-2609101734-5,,RE1,,,2026-09-10 18:10,,0,,,live
2026-09-10 23:14,9011011619156863439-2609100928-16,,,,,2026-09-10 18:40,,0,,,live
2026-09-10 23:14,-1801168499836799587-2609101735-9,,RB81,,,2026-09-10 18:18,,0,,,live
2026-09-10 23:14,4997552590622067727-2609101555-4,,10,,,2026-09-10 18:25,,0,5,,live
2026-09-10 23:14,3210025791970963021-2609101617-12,,RE7,,,2026-09-10 18:30,,0,,,live
2026-09-10 23:14,-3143394660947009224-2609101705-9,,RE7,,,2026-09-10 18:30,,0,,,live
2026-09-10 23:14,7597922018485472491-2609101737-6,,RE80,,,2026-09-10 18:27,,0,,,live
2026-09-10 23:14,991196480841819463-2609101811-5,,RB81,,,2026-09-10 18:34,,0,,,live
2026-09-10 23:14,-6660596252710225389-2609101608-20,,RE1,,,2026-09-10 18:41,,0,,,live
2026-09-10 23:14,-9085290573223992650-2609101733-6,,RE4,,,2026-09-10 18:44,,0,,,live
2026-09-10 23:14,-168947615118543906-2609101816-7,,RB81,,,2026-09-10 18:48,,0,,,live
2026-09-10 23:14,-3033115216451536190-2609101737-8,,RE70,,,2026-09-10 19:00,,0,,,live
2026-09-10 23:14,-726710747635687293-2609101734-10,,RE8,,,2026-09-10 18:53,,0,,,live
2026-09-10 23:14,8477967397184429333-2609101841-5,,RB81,,,2026-09-10 19:04,,0,,,live
2026-09-10 23:14,3287944090513843782-2609101800-7,,RE3,,,2026-09-10 19:05,,1,,,live
2026-09-10 23:14,-5535788722995622570-2609101834-5,,RE1,,,2026-09-10 19:10,,0,,,live
2026-09-10 23:14,7702481692019596064-2609100838-20,,,,,2026-09-10 19:25,,0,,,live
2026-09-10 23:14,-3084196800500940002-2609101835-9,,RB81,,,2026-09-10 19:21,,0,8,,live
2026-09-10 23:14,-217182095076231910-2609101805-9,,RE7,,,2026-09-10 19:22,,0,,,live
2026-09-10 23:14,-8983882588452863360-2609101717-12,,RE7,,,2026-09-10 19:22,,0,,,live
2026-09-10 23:14,5432269152027501927-2609101837-6,,RE80,,,2026-09-10 19:26,,0,,,live
2026-09-10 23:14,-4941313803537188979-2609101911-5,,RB81,,,2026-09-10 19:34,,0,,,live
2026-09-10 23:14,776874307993202871-2609101246-12,,,,,2026-09-10 19:43,,0,,,live
2026-09-10 23:14,-8626241792514986920-2609101833-6,,RE4,,,2026-09-10 19:45,,0,,,live
2026-09-10 23:14,1987212636059922431-2609101916-7,,RB81,,,2026-09-10 19:49,,0,7G-I,,live
2026-09-10 23:14,2992892244540391539-2609101837-8,,RE70,,,2026-09-10 19:59,,0,,,live
2026-09-10 23:14,616463185832256372-2609101834-10,,RE8,,,2026-09-10 19:54,,0,7A-D,,live
2026-09-10 23:14,849739818486357405-2609100622-8,,,,2026-09-10 11:28,2026-09-10 12:53,85,0,8,,live
2026-09-10 23:14,-7207681302375577122-2609101218-3,,,,2026-09-10 12:31,2026-09-10 12:38,7,0,12,,live
2026-09-10 23:14,-3692955521338963828-2609101055-6,,,,2026-09-10 14:05,2026-09-10 14:46,41,0,11,,live
2026-09-10 23:14,5555371111259384160-2609100759-17,,,,2026-09-10 17:15,2026-09-10 17:52,37,0,,,live
2026-09-10 23:14,-5981141401498695982-2609101048-11,,,,2026-09-10 17:24,2026-09-10 17:55,31,0,8,,live
2026-09-10 23:14,-3983398794259337464-2609100820-20,,,,2026-09-10 18:10,2026-09-10 18:59,49,0,,,live
2026-09-10 23:14,-8987211390072106276-2609101231-10,,,,2026-09-10 18:25,2026-09-10 19:04,39,0,8,,live
2026-09-10 23:14,-5985747340714934197-2609101422-7,,,,2026-09-10 19:01,2026-09-10 19:32,31,0,,,live
2026-09-11 01:11,-2910589038648014094-2609101326-3,,,,,2026-09-10 13:41,,0,,,live
2026-09-11 01:11,-9013027983394594721-2609100916-2,,,,,2026-09-10 09:30,,0,8,,live
2026-09-11 01:11,5646701767039716240-2609101317-2,,,,,,,1,,,live
2026-09-11 01:11,6610086332469437335-2609101026-3,,,,,2026-09-10 10:51,,0,,,live
2026-09-11 01:11,5653087570567167872-2609101126-3,,,,,2026-09-10 11:40,,0,12,,live
2026-09-11 01:11,-1151057268452720658-2609101137-2,,,,,2026-09-10 11:53,,0,,,live
2026-09-11 01:11,-1497213994658544450-2609101154-2,,,,,2026-09-10 12:18,,0,,,live
2026-09-11 01:11,-762086226758254325-2609101226-3,,,,,2026-09-10 12:43,,0,13,,live
2026-09-11 01:11,-8215575323288146568-2609101421-2,,,,,2026-09-10 14:28,,0,,,live
2026-09-11 01:11,-4503530441970809798-2609101418-3,,,,,2026-09-10 14:33,,0,,,live
2026-09-11 01:11,-7956047615718350819-2609101426-3,,,,,2026-09-10 14:38,,0,,,live
2026-09-11 01:11,5612476870594813183-2609101453-2,,,,,2026-09-10 15:01,,0,,,live
2026-09-11 01:11,3366099886625871029-2609101416-3,,,,,2026-09-10 15:27,,0,,,live
2026-09-11 01:11,-1594677098900319220-2609101022-8,,,,,2026-09-10 15:33,,0,,,live
2026-09-11 01:11,-5425302918995479956-2609101526-3,,,,,2026-09-10 15:38,,0,,,live
2026-09-11 01:11,-988583344704703688-2609101553-2,,,,,2026-09-10 16:20,,0,,,live
2026-09-11 01:11,3445083957053622931-2609101621-2,,,,,2026-09-10 16:42,,0,,,live
2026-09-11 01:11,-7621712260142359390-2609101618-3,,,,,2026-09-10 16:33,,0,,,live
2026-09-11 01:11,-6235789055676348186-2609101626-3,,,,,2026-09-10 17:01,,0,11,,live
2026-09-11 01:11,8262134096716058006-2609101353-6,,,,,2026-09-10 17:14,,0,,,live
2026-09-11 01:11,3457443120563044576-2609101616-3,,,,,2026-09-10 17:27,,1,,,live
2026-09-11 01:11,-7911985963316050659-2609101718-2,,,,,2026-09-10 17:42,,0,,,live
2026-09-11 01:11,6194893901306646476-2609101726-3,,,,,2026-09-10 17:49,,0,,,live
2026-09-11 01:11,3027779636165716798-2609101436-6,,,,,2026-09-10 18:10,,0,5,,live
2026-09-11 01:11,8176182407586879684-2609101818-3,,,,,2026-09-10 18:35,,0,,,live
2026-09-11 01:11,-2843829057041584062-2609101322-9,,,,,2026-09-10 18:52,,0,,,live
2026-09-11 01:11,6810614476303646777-2609101826-3,,,,,2026-09-10 19:07,,0,,,live
2026-09-11 01:11,-524151628723159576-2609101853-2,,,,,2026-09-10 19:13,,0,,,live
2026-09-11 01:11,387110255594909239-2609101816-3,,,,,2026-09-10 19:34,,0,,,live
2026-09-11 01:11,7295872794936909964-2609101918-2,,,,,2026-09-10 19:49,,0,,,live
2026-09-11 01:11,-8196009632544207530-2609101936-2,,,,,2026-09-10 19:52,,0,,,live
2026-09-11 01:11,-1261071308251314263-2609101406-11,,,,,2026-09-10 20:08,,0,,,live
2026-09-11 01:11,-4960769804742065454-2609101941-5,,RB81,,,2026-09-10 20:07,,0,5A-C,,live
2026-09-11 01:11,8817258909479770029-2609101900-7,,RE3,,,2026-09-10 20:19,,0,12A-B,,live
2026-09-11 01:11,-2953368913560705679-2609101809-5,,,,,2026-09-10 20:16,,0,,,live
2026-09-11 01:11,-605356019567509609-2609101935-9,,RB81,,,2026-09-10 20:18,,0,,,live
2026-09-11 01:11,8552297428684472340-2609101817-12,,RE7,,,2026-09-10 20:23,,0,,,live
2026-09-11 01:11,-2491225657618914529-2609101905-9,,RE7,,,2026-09-10 20:23,,0,,,live
2026-09-11 01:11,-2635761254150782051-2609100730-21,,,,,2026-09-10 20:28,,0,,,live
2026-09-11 01:11,-7033374564671118827-2609101937-6,,RE80,,,2026-09-10 20:25,,0,,,live
2026-09-11 01:11,-1302275594339840200-2609101522-8,,,,,2026-09-10 20:54,,0,11,,live
2026-09-11 01:11,-4651091680957662997-2609101808-20,,RE1,,,2026-09-10 20:50,,0,8,,live
2026-09-11 01:11,-657578417068350480-2609101933-6,,RE4,,,2026-09-10 20:55,,0,,,live
2026-09-11 01:11,-1594939601719293815-2609102016-7,,RB81,,,2026-09-10 20:48,,0,,,live
2026-09-11 01:11,-7189239938680406879-2609101934-10,,RE8,,,2026-09-10 20:53,,0,,,live
2026-09-11 01:11,-5033423880624192770-2609102000-7,,RE3,,,2026-09-10 21:18,,0,,,live
2026-09-11 01:11,-8705107722613527627-2609101059-23,,,,,2026-09-10 21:25,,0,,,live
2026-09-11 01:11,-4684127518317498007-2609102035-9,,RB81,,,2026-09-10 21:20,,0,,,live
2026-09-11 01:11,-1621849622641880552-2609102034-9,,RB31,,,2026-09-10 21:29,,0,,,live
2026-09-11 01:11,-6968895459807678055-2609101917-12,,RE7,,,2026-09-10 21:34,,0,13D-F,,live
2026-09-11 01:11,-1199948685037004152-2609102005-9,,RE7,,,2026-09-10 21:34,,0,13D-F,,live
2026-09-11 01:11,8620543286702518895-2609101957-15,,RB41,,,2026-09-10 21:32,,0,,,live
2026-09-11 01:11,2276889944093943677-2609102037-6,,RE80,,,2026-09-10 21:25,,0,,,live
2026-09-11 01:11,-4925631668679901084-2609102121-2,,,,,2026-09-10 21:39,,0,,,live
2026-09-11 01:11,663190152182156072-2609102106-5,,RE1,,,,,1,,,live
2026-09-11 01:11,-1588936129122896413-2609101448-12,,,,,2026-09-10 21:42,,0,,,live
2026-09-11 01:11,-7092677900906309611-2609102033-6,,RE4,,,2026-09-10 21:48,,0,,,live
2026-09-11 01:11,-2167438544370822717-2609102136-2,,,,,2026-09-10 21:50,,0,,,live
2026-09-11 01:11,-7989621655338553543-2609102116-7,,RB81,,,2026-09-10 21:49,,0,6,,live
2026-09-11 01:11,-8541225441126762699-2609102034-10,,RE8,,,2026-09-10 21:54,,0,,,live
2026-09-11 01:11,8752482116785104842-2609101043-16,,,,,2026-09-10 21:59,,0,,,live
2026-09-11 01:11,5818020606803679032-2609101606-11,,,,,2026-09-10 22:20,,0,12,,live
2026-09-11 01:11,5934575629537714195-2609102100-7,,RE3,,,2026-09-10 22:15,,0,,,live
2026-09-11 01:11,5318762053619111542-2609102135-9,,RB81,,,2026-09-10 22:18,,0,,,live
2026-09-11 01:11,-8573984535168492837-2609102135-9,,RB31,,,2026-09-10 22:43,,0,13,,live
2026-09-11 01:11,-5602752550635686646-2609101230-13,,10,,,2026-09-10 22:27,,0,,,live
2026-09-11 01:11,-4980506932980029357-2609101631-10,,,,,2026-09-10 22:47,,0,,,live
2026-09-11 01:11,-2991242414688689415-2609102058-15,,RB41,,,2026-09-10 22:41,,0,,,live
2026-09-11 01:11,-6004858853457181289-2609102137-6,,RE80,,,2026-09-10 22:25,,0,,,live
2026-09-11 01:11,3022098769984207831-2609102008-20,,RE1,,,2026-09-10 22:37,,0,7A-D,,live
2026-09-11 01:11,9120432599921369422-2609101722-8,,,,,2026-09-10 22:46,,0,8,,live
2026-09-11 01:11,6353778459721582899-2609102216-7,,RB81,,,2026-09-10 22:48,,0,6D-F,,live
2026-09-11 01:11,-339522110090732142-2609102134-10,,RE8,,,2026-09-10 22:54,,0,6A-C,,live
2026-09-11 01:11,-7193636000516531658-2609102200-7,,RE3,,,2026-09-10 23:31,,0,,,live
2026-09-11 01:11,-4758242349678413284-2609101238-21,,,,,2026-09-10 23:39,,0,12,,live
2026-09-11 01:11,-5438102898558279853-2609102235-9,,RB81,,,2026-09-10 23:19,,0,6D-F,,live
2026-09-11 01:11,3655846017428359643-2609102234-9,,RB31,,,2026-09-10 23:49,,0,,,live
2026-09-11 01:11,-8060825124218528893-2609102237-6,,RE80,,,2026-09-10 23:25,,0,,,live
2026-09-11 01:11,-4818102182269436190-2609101646-11,,,,,2026-09-11 00:02,,0,,,live
2026-09-11 01:11,5159579159358071308-2609102316-7,,RB81,,,2026-09-10 23:48,,0,6D-F,,live
2026-09-11 01:11,3370285438001482281-2609102234-10,,RE8,,,2026-09-10 23:53,,0,6A-C,,live
2026-09-11 01:11,-7614861371624373640-2609101326-3,,,,2026-09-10 13:38,2026-09-10 13:41,3,0,,,live
2026-09-11 01:11,-3158840272055034805-2609101418-3,,,,2026-09-10 14:31,2026-09-10 14:33,2,0,,,live
2026-09-11 01:11,5018129031528756061-2609101031-10,,,,2026-09-10 16:24,2026-09-10 17:03,39,0,,,live
2026-09-11 01:11,-4903045561539693758-2609101653-2,,,,2026-09-10 16:57,2026-09-10 17:27,30,0,,,live
2026-09-11 01:11,-5487531873915021544-2609101753-2,,,,2026-09-10 17:57,2026-09-10 18:26,29,0,,,live
2026-09-11 01:11,-1910373995647170721-2609101818-3,,,,2026-09-10 18:31,2026-09-10 18:35,4,0,,,live
2026-09-11 01:11,6593321700898874670-2609101516-9,,,,2026-09-10 18:50,2026-09-10 19:49,59,0,,,live
2026-09-11 01:11,-667854438862135023-2609101248-11,,,,2026-09-10 19:25,2026-09-10 19:55,30,0,6,,live
2026-09-11 01:11,-4674267576494149068-2609101809-14,,RE1,,2026-09-10 19:38,2026-09-10 20:10,32,0,,,live
2026-09-11 01:11,5446676395577831400-2609101406-11,,,,2026-09-10 19:57,2026-09-10 20:08,11,0,,,live
2026-09-11 01:11,-6452407069337976676-2609101128-16,,,,2026-09-10 20:15,2026-09-10 20:56,41,0,13,,live
2026-09-11 01:11,791009188262532597-2609101214-11,,10,,2026-09-10 20:21,2026-09-10 20:53,32,0,5,,live
2026-09-11 01:11,8449059739450198843-2609101452-8,,,,2026-09-10 20:39,2026-09-10 21:14,35,0,,,live
2026-09-11 01:11,1653769359355988939-2609101937-8,,RE70,,2026-09-10 20:51,2026-09-10 21:30,39,0,12,,live
2026-09-11 01:11,4560172541036709998-2609101512-10,,,,2026-09-10 20:57,2026-09-10 22:02,65,0,8,,live
2026-09-11 01:11,-8243134940294726177-2609101446-12,,,,2026-09-10 21:35,2026-09-10 22:05,30,0,,,live
2026-09-11 01:11,3112945034824684661-2609101448-12,,,,2026-09-10 21:39,2026-09-10 21:42,3,0,,,live
2026-09-11 01:11,-4485210929310056893-2609101626-11,,,,2026-09-10 22:10,2026-09-10 23:07,57,0,,,live
2026-09-11 01:11,6954924236955692259-2609101328-16,,,,2026-09-10 22:15,2026-09-10 22:53,38,0,,,live
2026-09-11 01:11,-4573715949993062754-2609101328-16,,,,2026-09-10 22:15,2026-09-10 22:53,38,0,,,live
2026-09-11 01:11,7468334744528629490-2609101710-9,,,,2026-09-10 23:15,2026-09-10 23:45,30,0,,,live
2026-09-11 01:11,2566940964730372350-2609101710-9,,,,2026-09-10 23:15,2026-09-10 23:45,30,0,,,live
2026-09-11 01:11,-8566953819069085350-2609102157-15,,RB41,,2026-09-10 23:25,2026-09-10 23:58,33,0,,,live
2026-09-11 01:11,3039826787542326923-2609102209-5,ICE,,702,2026-09-11 00:10,2026-09-11 00:18,8,0,8,Berlin Hbf,live
2026-09-11 01:11,5084834081299892186-2609102335-9,RB,RB81,11339,2026-09-11 00:18,2026-09-11 00:18,0,0,6A-C,Bad Oldesloe,live
2026-09-11 01:11,-4550435493069381661-2609102300-12,ME,RB31,81642,2026-09-11 00:20,2026-09-11 00:59,,1,13A-C,Uelzen,live
2026-09-11 01:11,5575186578699553736-2609110000-7,RB,RB81,11391,2026-09-11 00:31,2026-09-11 00:33,2,0,8,Bargteheide,live
2026-09-11 06:04,2312296716933966404-2609101554-2,,,,,2026-09-10 16:09,,0,,,live
2026-09-11 06:04,-6439185077160185089-2609101821-2,,,,,2026-09-10 18:40,,0,,,live
2026-09-11 06:04,5926473462606976417-2609101926-3,,,,,2026-09-10 19:43,,0,,,live
2026-09-11 06:04,5351133746540780755-2609102021-2,,,,,2026-09-10 20:29,,0,,,live
2026-09-11 06:04,3499338043235512572-2609102018-3,,,,,2026-09-10 20:33,,0,,,live
2026-09-11 06:04,-4463983841688751065-2609102026-3,,,,,2026-09-10 20:38,,0,,,live
2026-09-11 06:04,9011218217436282603-2609110346-10,,RB41,,,2026-09-11 04:48,,0,,,live
2026-09-11 06:04,7597089806492032299-2609102220-2,,,,,,,1,,,live
2026-09-11 06:04,3941548061613216885-2609102111-2,,,,,2026-09-10 23:58,,0,,,live
2026-09-11 06:04,-5967924537871298080-2609110308-8,,RE70,,,2026-09-11 04:34,,0,,,live
2026-09-11 06:04,-6748942984235284913-2609102208-20,,RE1,,,2026-09-11 01:05,,0,8,,live
2026-09-11 06:04,7356141276946838163-2609102334-10,,RE8,,,2026-09-11 01:07,,0,7A-D,,live
2026-09-11 06:04,4760651137475633059-2609102358-12,,RB31,,,2026-09-11 01:32,,1,,,live
2026-09-11 06:04,-6711307188089838742-2609110005-11,,RE7,,,2026-09-11 01:47,,0,,,live
2026-09-11 06:04,-3953708139935826553-2609110034-10,,RE8,,,2026-09-11 01:56,,0,,,live
2026-09-11 06:04,9034693412834794181-2609110425-5,,RB81,,,2026-09-11 04:49,,0,,,live
2026-09-11 06:04,7227802265494815968-2609102220-2,,,,2026-09-10 22:25,2026-09-10 22:24,-1,0,12,,live
2026-09-11 06:04,-5040855886902453859-2609101528-16,,,,2026-09-11 00:15,2026-09-11 02:55,,1,,,live
2026-09-11 06:04,-1290839640796586839-2609101811-10,,,,2026-09-11 00:28,2026-09-11 03:08,,1,,,live
2026-09-11 06:04,-5610966871480323789-2609102312-15,,RB41,,2026-09-11 00:47,2026-09-11 01:44,,1,,,live
2026-09-11 06:04,-8941932149309778658-2609101922-7,,,,2026-09-11 01:13,2026-09-11 02:42,,1,,,live
2026-09-11 06:04,6057671368361283681-2609110354-14,RE,RE1,4300,2026-09-11 05:18,2026-09-11 05:08,-10,0,8,Schwerin Hbf,live
2026-09-11 06:04,8104519730754987199-2609110435-9,RB,RB81,11301,2026-09-11 05:18,2026-09-11 05:20,2,0,6A-C,Bad Oldesloe,live
2026-09-11 06:04,-4394323290879927050-2609110402-9,RE,RE7,11203,2026-09-11 05:21,2026-09-11 05:23,2,0,7G-I,Kiel Hbf,live
2026-09-11 06:04,-810019226678636451-2609110437-6,RE,RE80,11453,2026-09-11 05:25,2026-09-11 05:29,4,0,5A-C,Lübeck Hbf,live
2026-09-11 06:04,-4204938752686762051-2609110516-7,RB,RB81,11353,2026-09-11 05:48,2026-09-11 05:48,0,0,5A-C,Bargteheide,live
2026-09-11 06:04,-7877843962657609673-2609110509-5,RE,RE8,11403,2026-09-11 05:53,2026-09-11 05:56,3,0,6A-C,Lübeck Hbf,live
2026-09-11 06:04,7651668250587456068-2609110433-15,ME,RB41,81958,2026-09-11 06:00,2026-09-11 06:02,2,0,11A-C,Bremen Hbf,live
2026-09-11 06:04,-8389170061218175037-2609110500-7,ME,RE3,82106,2026-09-11 06:05,2026-09-11 06:12,7,0,13A-C,Uelzen,live
2026-09-11 06:04,635156796628650000-2609110535-9,RB,RB81,11303,2026-09-11 06:18,2026-09-11 06:18,0,0,7A-D,Bad Oldesloe,live
2026-09-11 06:04,8136190555525882553-2609110417-11,RE,RE7,11155,2026-09-11 06:21,2026-09-11 06:29,8,0,6D-F,Flensburg,live
2026-09-11 06:04,-9105898598852946278-2609110505-8,RE,RE7,11255,2026-09-11 06:21,2026-09-11 06:29,8,0,6D-F,Kiel Hbf,live
2026-09-11 06:04,6183801689417187664-2609110537-6,RE,RE80,11455,2026-09-11 06:25,2026-09-11 06:25,0,0,6A-C,Lübeck Hbf,live
2026-09-11 06:04,-6478930024086118346-2609110408-20,RE,RE1,4302,2026-09-11 06:32,2026-09-11 06:32,0,0,5A-C,Rostock Hbf,live
2026-09-11 06:04,8312262657501080380-2609110611-5,RB,RB81,11565,2026-09-11 06:34,2026-09-11 06:34,0,0,7A-D,Ahrensburg,live
2026-09-11 06:04,-5254998360538564707-2609110528-8,ME,RE4,82008,2026-09-11 06:45,2026-09-11 06:45,0,0,13A-C,Bremen Hbf,live
2026-09-11 06:04,-6961852970408451758-2609110616-7,RB,RB81,11355,2026-09-11 06:48,2026-09-11 06:48,0,0,7A-D,Bargteheide,live
2026-09-11 06:04,2648435496848007442-2609110537-8,RE,RE70,11205,2026-09-11 06:51,2026-09-11 06:51,0,0,7G-I,Kiel Hbf,live
2026-09-11 06:04,-591780081192487579-2609110534-10,RE,RE8,11405,2026-09-11 06:53,2026-09-11 06:54,1,0,6A-C,Lübeck-Travemünde Strand,live
2026-09-11 11:25,-8677182982400525824-2609102030-14,,,,,2026-09-11 08:42,,0,,,live
2026-09-11 11:25,-7058442198521206872-2609101836-13,,,,,2026-09-11 08:42,,0,,,live
2026-09-11 11:25,5177481596805362451-2609110726-7,,RE3,,,2026-09-11 08:30,,0,,,live
2026-09-11 11:25,6992012378128167215-2609101955-3,,,,,2026-09-10 20:08,,0,,,live
2026-09-11 11:25,-6536741544378800821-2609102132-2,,,,,,,1,,,live
2026-09-11 11:25,-8657950163252962648-2609110705-8,,RE7,,,2026-09-11 08:22,,0,,,live
2026-09-11 11:25,5305980712996650155-2609110717-11,,RE7,,,2026-09-11 09:26,,0,,,live
2026-09-11 11:25,1240458014970414586-2609110809-5,,RE8,,,2026-09-11 08:59,,0,,,live
2026-09-11 11:25,9052379201596750574-2609110805-8,,RE7,,,2026-09-11 09:26,,0,,,live
2026-09-11 11:25,7511148090173910504-2609110412-3,,,,,2026-09-11 04:24,,1,,,live
2026-09-11 11:25,-5138192615591901711-2609110617-11,,RE7,,,2026-09-11 08:22,,0,,,live
2026-09-11 11:25,2774174590951633862-2609102225-3,,,,,2026-09-10 22:38,,0,,,live
2026-09-11 11:25,4733426678694405219-2609110700-7,,RE3,,,2026-09-11 08:09,,0,8,,live
2026-09-11 11:25,5819505621821229464-2609110811-5,,RB81,,,2026-09-11 08:34,,0,,,live
2026-09-11 11:25,-2275836909676922659-2609110733-6,,RE4,,,2026-09-11 08:50,,0,,,live
2026-09-11 11:25,1235622964461153188-2609110558-6,,,,,2026-09-11 08:10,,0,,,live
2026-09-11 11:25,6220447137645637542-2609110737-8,,RE70,,,2026-09-11 08:52,,0,,,live
2026-09-11 11:25,-1151538930163409874-2609110813-7,,RB81,,,2026-09-11 08:55,,0,,,live
2026-09-11 11:25,6885212790092918782-2609110627-5,,,,,,,1,,,live
2026-09-11 11:25,1179810196779242077-2609110511-9,,,,,2026-09-11 09:18,,0,,,live
2026-09-11 11:25,-4788303791955844301-2609110800-7,,RE3,,,2026-09-11 09:15,,0,,,live
2026-09-11 11:25,3199642534134629506-2609110741-5,,RB81,,,2026-09-11 08:04,,0,,,live
2026-09-11 11:25,-1047382441565348511-2609110806-10,,RB31,,,2026-09-11 08:57,,0,11,,live
2026-09-11 11:25,-463388714619476373-2609110734-4,,RE4,,,2026-09-11 08:15,,0,13A-C,,live
2026-09-11 11:25,3504736514239542448-2609110608-20,,RE1,,,2026-09-11 08:42,,0,8,,live
2026-09-11 11:25,2933035166403061553-2609110734-8,,RE8X,,,2026-09-11 08:42,,0,,,live
2026-09-11 11:25,-121286730437505369-2609110445-9,,,,,2026-09-11 09:38,,0,,,live
2026-09-11 11:25,-7175223189646285482-2609110829-7,,RB41,,,2026-09-11 09:08,,0,11A-C,,live
2026-09-11 11:25,6533056364528985396-2609110737-6,,RE80,,,2026-09-11 08:25,,0,,,live
2026-09-11 11:25,5355727666584568311-2609110734-5,,RE1,,,2026-09-11 08:16,,0,,,live
2026-09-11 11:25,-3890685727423428970-2609110525-7,,,,,2026-09-11 09:24,,0,,,live
2026-09-11 11:25,1603666421141868109-2609110632-2,,,,,2026-09-11 08:28,,0,8,,live
2026-09-11 11:25,1007082014350364628-2609110833-6,,RE4,,,2026-09-11 09:47,,0,,,live
2026-09-11 11:25,-2081579378438234204-2609110659-7,,,,,2026-09-11 09:32,,0,,,live
2026-09-11 11:25,-1275104846797668518-2609110735-9,,RB81,,,2026-09-11 08:19,,0,6D-F,,live
2026-09-11 11:25,-4780306928560468597-2609101625-12,,,,,2026-09-11 05:05,,0,7A-D,,live
2026-09-11 11:25,-8237034450104717281-2609102155-3,,,,,2026-09-11 05:03,,0,7A-D,,live
2026-09-11 11:25,3633423506968040756-2609110536-2,,,,,2026-09-11 05:46,,0,,,live
2026-09-11 11:25,6463598732574589906-2609101729-10,,,,,2026-09-11 05:59,,0,,,live
2026-09-11 11:25,8503777394879306018-2609102322-17,,,,,2026-09-11 06:52,,0,,,live
2026-09-11 11:25,1546285839643884439-2609102115-7,,,,,,,1,,,live
2026-09-11 11:25,4199864035703836662-2609110641-5,,RB81,,,2026-09-11 07:04,,0,,,live
2026-09-11 11:25,8209469800275406026-2609102252-11,,,,,2026-09-11 07:05,,0,,,live
2026-09-11 11:25,-6026100001913276581-2609110605-7,,RE3,,,2026-09-11 07:13,,0,,,live
2026-09-11 11:25,4365224433668002406-2609110634-5,,RE1,,,2026-09-11 07:09,,0,,,live
2026-09-11 11:25,-7403540165833005095-2609110635-9,,RB81,,,2026-09-11 07:18,,0,,,live
2026-09-11 11:25,-61162464930520183-2609110517-11,,RE7,,,2026-09-11 07:20,,0,,,live
2026-09-11 11:25,-9218627476631391022-2609110605-8,,RE7,,,2026-09-11 07:20,,0,,,live
2026-09-11 11:25,5926379620860043859-2609110637-6,,RE80,,,2026-09-11 07:25,,0,,,live
2026-09-11 11:25,-1189483806781971425-2609110549-13,,RE5,,,2026-09-11 07:37,,0,,,live
2026-09-11 11:25,-7855767983278073293-2609110711-5,,RB81,,,2026-09-11 07:35,,0,,,live
2026-09-11 11:25,3087725302526898449-2609110609-14,,RE1,,,2026-09-11 07:42,,0,,,live
2026-09-11 11:25,-6238415479967927281-2609110648-7,,RE3,,,2026-09-11 07:48,,0,,,live
2026-09-11 11:25,-9071384910044894170-2609110634-8,,RE8X,,,2026-09-11 07:42,,0,,,live
2026-09-11 11:25,6953208858522139559-2609110626-8,,RE4,,,2026-09-11 07:45,,0,,,live
2026-09-11 11:25,4444191826229498762-2609110713-7,,RB81,,,2026-09-11 07:48,,0,,,live
2026-09-11 11:25,7320984570293106503-2609110637-8,,RE70,,,2026-09-11 07:52,,0,,,live
2026-09-11 11:25,-5591597380485360579-2609102059-17,,,,,2026-09-11 08:11,,0,12,,live
2026-09-11 11:25,1003446772902483359-2609102059-17,,,,,2026-09-11 08:11,,0,12,,live
2026-09-11 11:25,1980048163959817893-2609110709-5,,RE8,,,2026-09-11 07:56,,0,,,live
2026-09-11 11:25,-7385034857744471466-2609110713-9,,RB31,,,2026-09-11 08:05,,0,11,,live
2026-09-11 11:25,-7240898703310175045-2609110837-6,,RE80,,,2026-09-11 09:25,,0,,,live
2026-09-11 11:25,-750532183628151839-2609110834-5,,RE1,,,2026-09-11 09:15,,0,,,live
2026-09-11 11:25,6162665181296755688-2609110834-10,,RE8,,,2026-09-11 09:54,,0,,,live
2026-09-11 11:25,-4451989855667796403-2609110906-5,,RE1,,,2026-09-11 09:38,,0,,,live
2026-09-11 11:25,-4976880781789089102-2609110916-7,,RB81,,,2026-09-11 09:48,,0,,,live
2026-09-11 11:25,-7763829618738350329-2609110835-9,,RB81,,,2026-09-11 09:19,,0,,,live
2026-09-11 11:25,6889335719308763279-2609110412-3,,,,2026-09-11 04:24,2026-09-11 04:24,,1,,,live
2026-09-11 11:25,3119815850397800818-2609110520-5,,,,2026-09-11 07:25,2026-09-11 08:20,55,0,,,live
2026-09-11 11:25,5220412279450768557-2609110409-10,,,,2026-09-11 08:18,2026-09-11 09:03,45,0,,,live
2026-09-11 15:09,-2053455840597925551-2609111117-11,,RE7,,,2026-09-11 13:25,,0,13D-F,,live
2026-09-11 15:09,-2125895193974483860-2609111205-8,,RE7,,,2026-09-11 13:25,,0,13D-F,,live
2026-09-11 15:09,-8018116824080471880-2609101955-3,,,,,2026-09-10 20:08,,0,,,live
2026-09-11 15:09,5489382238418385337-2609102156-3,,,,,2026-09-10 22:07,,0,,,live
2026-09-11 15:09,-521217330813819261-2609102156-3,,,,,2026-09-10 22:07,,0,,,live
2026-09-11 15:09,-8204637859905938988-2609102111-2,,,,,2026-09-10 23:58,,0,,,live
2026-09-11 15:09,8518232099080018263-2609110426-3,,,,,,,1,,,live
2026-09-11 15:09,5028473175569704025-2609110403-11,,,,,2026-09-11 10:12,,0,,,live
2026-09-11 15:09,1663072533275665667-2609110441-9,,,,,2026-09-11 08:47,,0,,,live
2026-09-11 15:09,1170763571226731300-2609111200-7,,RE3,,,2026-09-11 13:12,,0,,,live
2026-09-11 15:09,-784036643221120658-2609110514-8,,,,,,,1,,,live
2026-09-11 15:09,-2600806661377466654-2609111237-6,,RE80,,,2026-09-11 13:27,,0,,,live
2026-09-11 15:09,-2236082770520034141-2609110822-7,,,,,2026-09-11 13:12,,0,,,live
2026-09-11 15:09,474224413520299351-2609110453-2,,,,,2026-09-11 04:56,,1,,,live
2026-09-11 15:09,4180424140630502365-2609110521-2,,,,,2026-09-11 05:24,,1,,,live
2026-09-11 15:09,-1592057700459732081-2609110517-3,,,,,2026-09-11 05:35,,0,,,live
2026-09-11 15:09,7911763598988154921-2609110553-2,,,,,2026-09-11 05:57,,0,,,live
2026-09-11 15:09,8858215695273508971-2609110621-2,,,,,2026-09-11 06:25,,0,,,live
2026-09-11 15:09,-3783829201967449571-2609110617-3,,,,,2026-09-11 06:35,,0,,,live
2026-09-11 15:09,2897765782443439104-2609110653-2,,,,,2026-09-11 06:58,,0,,,live
2026-09-11 15:09,1409628509556846116-2609110721-2,,,,,2026-09-11 07:28,,0,,,live
2026-09-11 15:09,-1928754627191023814-2609110616-3,,,,,2026-09-11 07:30,,0,,,live
2026-09-11 15:09,3572373505574423058-2609110734-2,,,,,2026-09-11 07:50,,0,,,live
2026-09-11 15:09,-7826121091385121434-2609110753-2,,,,,2026-09-11 07:58,,0,,,live
2026-09-11 15:09,1368141755022019604-2609111233-6,,RE4,,,2026-09-11 13:46,,0,,,live
2026-09-11 15:09,-8636832709416990866-2609110901-10,,20,,,2026-09-11 13:12,,0,,,live
2026-09-11 15:09,-1931865637326654156-2609111306-5,,RE1,,,2026-09-11 13:40,,0,,,live
2026-09-11 15:09,-6051409117345262240-2609110837-8,,RE70,,,2026-09-11 10:04,,0,,,live
2026-09-11 15:09,-6830790016000204290-2609111316-7,,RB81,,,2026-09-11 13:48,,0,,,live
2026-09-11 15:09,3730194782886715569-2609111235-9,,RB81,,,2026-09-11 13:24,,0,,,live
2026-09-11 15:09,-4803413020616385260-2609110936-2,,,,,2026-09-11 10:16,,0,8,,live
2026-09-11 15:09,6756492642009796517-2609110900-7,,RE3,,,2026-09-11 10:05,,0,,,live
2026-09-11 15:09,2686007473625185344-2609110001-21,,,,,2026-09-11 10:48,,0,,,live
2026-09-11 15:09,1918121920534945268-2609110935-9,,RB81,,,2026-09-11 10:19,,0,,,live
2026-09-11 15:09,2175070727568941335-2609110817-11,,RE7,,,2026-09-11 10:28,,0,,,live
2026-09-11 15:09,8319768709472249445-2609110905-8,,RE7,,,2026-09-11 10:28,,0,,,live
2026-09-11 15:09,1232893202459009550-2609110757-4,,10,,,2026-09-11 10:45,,0,5,,live
2026-09-11 15:09,-540664132931935474-2609110642-5,,,,,2026-09-11 10:38,,0,12,,live
2026-09-11 15:09,-4229753936075266247-2609110937-6,,RE80,,,2026-09-11 10:24,,0,,,live
2026-09-11 15:09,-4526666360188253894-2609110808-20,,RE1,,,2026-09-11 10:49,,0,,,live
2026-09-11 15:09,-8882657082382035783-2609110933-6,,RE4,,,2026-09-11 10:48,,0,,,live
2026-09-11 15:09,-683754151173195972-2609111016-7,,RB81,,,2026-09-11 10:48,,0,,,live
2026-09-11 15:09,856699154830603595-2609110937-8,,RE70,,,2026-09-11 10:54,,0,,,live
2026-09-11 15:09,-6570859996030125968-2609110934-10,,RE8,,,2026-09-11 10:53,,0,,,live
2026-09-11 15:09,-5959358126767996816-2609111000-7,,RE3,,,2026-09-11 11:06,,0,,,live
2026-09-11 15:09,6135728412348303878-2609110711-9,,,,,2026-09-11 11:21,,0,,,live
2026-09-11 15:09,-7935312781145201778-2609111035-9,,RB81,,,2026-09-11 11:19,,0,,,live
2026-09-11 15:09,1029958765483496065-2609110917-11,,RE7,,,2026-09-11 11:23,,0,,,live
2026-09-11 15:09,-4022866577318711827-2609111005-8,,RE7,,,2026-09-11 11:23,,0,,,live
2026-09-11 15:09,1868509910897110613-2609110537-11,,,,,2026-09-11 11:26,,0,,,live
2026-09-11 15:09,-5486357965950019401-2609111037-6,,RE80,,,2026-09-11 11:24,,0,,,live
2026-09-11 15:09,-9112879062242116682-2609111106-5,,RE1,,,2026-09-11 11:38,,0,,,live
2026-09-11 15:09,-8011164337776733770-2609111033-6,,RE4,,,2026-09-11 11:51,,0,,,live
2026-09-11 15:09,6658736939566971565-2609111116-7,,RB81,,,2026-09-11 11:48,,0,,,live
2026-09-11 15:09,-537957746364217611-2609111037-8,,RE70,,,2026-09-11 11:53,,0,,,live
2026-09-11 15:09,-8919754022988888966-2609111034-10,,RE8,,,2026-09-11 11:54,,0,,,live
2026-09-11 15:09,-3212205364154915817-2609110609-11,,,,,2026-09-11 12:21,,0,12,,live
2026-09-11 15:09,1526194876276388981-2609111100-7,,RE3,,,2026-09-11 12:06,,0,,,live
2026-09-11 15:09,-827925658427249444-2609111009-5,,,,,2026-09-11 12:13,,0,,,live
2026-09-11 15:09,1404410154918675686-2609111135-9,,RB81,,,2026-09-11 12:19,,0,,,live
2026-09-11 15:09,94218488848062299-2609110845-5,,10,,,,,1,,,live
2026-09-11 15:09,2841218850592143799-2609111017-11,,RE7,,,2026-09-11 12:21,,1,,,live
2026-09-11 15:09,-7866109702434619455-2609111105-8,,RE7,,,2026-09-11 12:21,,0,,,live
2026-09-11 15:09,8082687733656221962-2609111137-6,,RE80,,,2026-09-11 12:25,,0,,,live
2026-09-11 15:09,-8909059200116756821-2609111008-20,,RE1,,,2026-09-11 12:38,,0,,,live
2026-09-11 15:09,63634424795789903-2609111133-6,,RE4,,,2026-09-11 12:49,,0,,,live
2026-09-11 15:09,1481156860021844134-2609111216-7,,RB81,,,2026-09-11 12:49,,0,,,live
2026-09-11 15:09,3950731673291584387-2609110854-9,,,,,2026-09-11 12:50,,0,,,live
2026-09-11 15:09,5368624065780683257-2609111137-8,,RE70,,,2026-09-11 13:07,,0,,,live
2026-09-11 15:09,1243639550107319833-2609111134-10,,RE8,,,2026-09-11 13:10,,0,5,,live
2026-09-11 15:09,-8003392339101483857-2609110707-10,,,,,2026-09-11 13:00,,0,,,live
2026-09-11 15:09,-1411920686821013147-2609110617-3,,,,2026-09-11 06:30,2026-09-11 06:35,5,0,,,live
2026-09-11 15:09,506977379099688294-2609110653-2,,,,2026-09-11 06:57,2026-09-11 06:58,1,0,,,live
2026-09-11 15:09,7937431513817843607-2609110753-2,,,,2026-09-11 07:57,2026-09-11 07:58,1,0,,,live
2026-09-11 15:09,546102445726443994-2609110502-10,,,,2026-09-11 10:37,2026-09-11 11:14,37,0,,,live
2026-09-11 15:09,-3171428142048177713-2609110511-10,,,,2026-09-11 10:57,2026-09-11 11:29,32,0,12,,live
2026-09-11 15:09,8189707621727874292-2609110446-13,,,,2026-09-11 11:38,2026-09-11 12:22,44,0,,,live
2026-09-11 15:09,937531600424895578-2609110549-13,,,,2026-09-11 12:15,2026-09-11 12:45,30,0,12,,live
2026-09-11 15:09,-326474903204586624-2609111131-4,,RE7,,2026-09-11 12:22,2026-09-11 12:38,16,0,,,live
2026-09-11 18:35,496656278151264987-2609111237-8,,RE70,,,2026-09-11 14:12,,1,,,live
2026-09-11 18:35,2512226212358951491-2609110716-4,,,,,2026-09-11 08:36,,0,12,,live
2026-09-11 18:35,4250821308365947570-2609110528-13,,,,,2026-09-11 14:14,,0,12,,live
2026-09-11 18:35,6091267017474750753-2609110816-3,,,,,2026-09-11 09:44,,0,,,live
2026-09-11 18:35,-4151394777712103696-2609110805-11,,,,,2026-09-11 14:25,,0,,,live
2026-09-11 18:35,6512354943507599026-2609110526-3,,,,,2026-09-11 05:38,,1,,,live
2026-09-11 18:35,2790068655146168328-2609111234-10,,RE8,,,2026-09-11 13:59,,0,,,live
2026-09-11 18:35,6700288758807829180-2609110953-2,,,,,2026-09-11 10:13,,0,,,live
2026-09-11 18:35,6920440659461477118-2609110809-4,,,,,2026-09-11 10:34,,0,8,,live
2026-09-11 18:35,-8840483483231584537-2609111055-2,,,,,2026-09-11 11:17,,0,,,live
2026-09-11 18:35,2082653246441066227-2609110740-9,,,,,2026-09-11 11:48,,0,,,live
2026-09-11 18:35,735896325928713766-2609110525-15,,,,,2026-09-11 13:30,,0,8,,live
2026-09-11 18:35,-5345756847556552176-2609111300-7,,RE3,,,2026-09-11 14:31,,1,,,live
2026-09-11 18:35,-9020387200604849828-2609111335-9,,RB81,,,2026-09-11 14:20,,0,,,live
2026-09-11 18:35,-7614266119749148509-2609111222-11,,RE7,,,2026-09-11 14:36,,0,,,live
2026-09-11 18:35,-1170383355919601488-2609111305-8,,RE7,,,2026-09-11 14:36,,0,,,live
2026-09-11 18:35,5998728119233124715-2609111337-6,,RE80,,,2026-09-11 14:25,,0,,,live
2026-09-11 18:35,-7676591997781413630-2609111208-20,,RE1,,,2026-09-11 14:40,,0,,,live
2026-09-11 18:35,-7464145250026418942-2609111333-6,,RE4,,,2026-09-11 15:03,,0,,,live
2026-09-11 18:35,-1418573917290258550-2609111416-7,,RB81,,,2026-09-11 14:51,,0,,,live
2026-09-11 18:35,-4211027881444132736-2609111337-8,,RE70,,,2026-09-11 15:11,,1,,,live
2026-09-11 18:35,-4241531394840947764-2609111334-10,,RE8,,,2026-09-11 14:55,,0,,,live
2026-09-11 18:35,9052858960919066097-2609110912-10,,,,,2026-09-11 15:25,,0,12,,live
2026-09-11 18:35,-5599998702057193678-2609111400-7,,RE3,,,2026-09-11 15:06,,0,12A-B,,live
2026-09-11 18:35,-508151058757607646-2609110716-17,,,,,2026-09-11 15:35,,0,,,live
2026-09-11 18:35,2228017092216421635-2609111435-9,,RB81,,,2026-09-11 15:19,,0,,,live
2026-09-11 18:35,-4826673439027047350-2609111405-8,,RE7,,,2026-09-11 15:39,,0,,,live
2026-09-11 18:35,-8115007961234754659-2609111317-11,,RE7,,,2026-09-11 15:39,,0,,,live
2026-09-11 18:35,-8455037015374655075-2609111437-6,,RE80,,,2026-09-11 15:29,,0,,,live
2026-09-11 18:35,6960291077090296777-2609111429-7,,RE3,,,,,1,,,live
2026-09-11 18:35,6624010953416104632-2609111409-14,,RE1,,,2026-09-11 15:48,,0,,,live
2026-09-11 18:35,-8928814972859994512-2609110846-12,,,,,2026-09-11 15:52,,0,,,live
2026-09-11 18:35,7839939373967476089-2609111433-6,,RE4,,,2026-09-11 15:46,,0,,,live
2026-09-11 18:35,-3422739654119885417-2609111516-7,,RB81,,,2026-09-11 15:53,,0,,,live
2026-09-11 18:35,428699380039786739-2609110722-8,,,,2026-09-11 12:39,2026-09-11 13:07,28,0,12,,live
2026-09-11 18:35,7077598883490130568-2609110646-12,,,,2026-09-11 13:33,2026-09-11 14:06,33,0,,,live
2026-09-11 18:35,67517114520381301-2609110534-16,,,,2026-09-11 14:15,2026-09-11 15:27,72,0,,,live
2026-09-11 18:35,-1885299607346709500-2609110831-10,,,,2026-09-11 14:25,2026-09-11 15:11,46,0,,,live
2026-09-11 18:35,-7462591771959148008-2609110912-10,,,,2026-09-11 14:57,2026-09-11 15:25,28,0,12,,live
2026-09-11 21:21,-3387026704187874513-2609110821-2,,,,,2026-09-11 08:31,,0,,,live
2026-09-11 21:21,-3500545049874534285-2609110626-3,,,,,2026-09-11 06:40,,0,,,live
2026-09-11 21:21,-4602427783665327588-2609110726-3,,,,,2026-09-11 07:38,,0,,,live
2026-09-11 21:21,-2954831050481127767-2609111336-2,,,,,2026-09-11 14:00,,0,,,live
2026-09-11 21:21,-3907081244664964516-2609111021-2,,,,,2026-09-11 10:35,,0,,,live
2026-09-11 21:21,7517605630292767265-2609111053-2,,,,,2026-09-11 11:00,,0,,,live
2026-09-11 21:21,-2627319502414886509-2609111016-3,,,,,2026-09-11 11:26,,0,,,live
2026-09-11 21:21,3397100192751969577-2609111153-2,,,,,2026-09-11 12:01,,0,,,live
2026-09-11 21:21,-1618433914809757000-2609110922-8,,,,,2026-09-11 14:49,,0,,,live
2026-09-11 21:21,-1872892276374220322-2609111437-8,,RE70,,,2026-09-11 16:10,,1,,,live
2026-09-11 21:21,-2446850498330316768-2609111434-10,,RE8,,,2026-09-11 16:07,,0,,,live
2026-09-11 21:21,-561569379985084080-2609111012-11,,,,,2026-09-11 15:59,,0,,,live
2026-09-11 21:21,-3647439111855118626-2609111541-5,,RB81,,,2026-09-11 16:11,,0,,,live
2026-09-11 21:21,-9054066435275015678-2609111500-7,,RE3,,,2026-09-11 16:15,,0,,,live
2026-09-11 21:21,-4555569034509598317-2609111409-5,,,,,2026-09-11 16:32,,0,,,live
2026-09-11 21:21,-4069291697784823093-2609111535-9,,RB81,,,2026-09-11 16:22,,0,,,live
2026-09-11 21:21,-5330316903894753270-2609110814-11,,10,,,2026-09-11 16:41,,0,5,,live
2026-09-11 21:21,2674933742995769983-2609111505-8,,RE7,,,2026-09-11 16:24,,0,,,live
2026-09-11 21:21,4524345277180079514-2609111417-11,,RE7,,,2026-09-11 16:24,,0,,,live
2026-09-11 21:21,1217412450643884013-2609111537-6,,RE80,,,2026-09-11 16:27,,0,,,live
2026-09-11 21:21,-6412398759760115320-2609111611-5,,RB81,,,2026-09-11 16:34,,0,7,,live
2026-09-11 21:21,5294570055348083618-2609111408-20,,RE1,,,2026-09-11 17:05,,0,5A-C,,live
2026-09-11 21:21,-3791061785274282598-2609111533-6,,RE4,,,2026-09-11 17:13,,0,,,live
2026-09-11 21:21,-7698711103205390966-2609111616-7,,RB81,,,,,1,,,live
2026-09-11 21:21,6556339575728025668-2609111537-8,,RE70,,,2026-09-11 17:02,,0,,,live
2026-09-11 21:21,6103550859959519263-2609111534-10,,RE8,,,2026-09-11 16:56,,0,,,live
2026-09-11 21:21,1578146657653699899-2609111112-10,,,,,2026-09-11 17:21,,0,12,,live
2026-09-11 21:21,8523839610329830225-2609111641-5,,RB81,,,2026-09-11 17:04,,0,,,live
2026-09-11 21:21,5847648822533792755-2609111600-7,,RE3,,,2026-09-11 17:32,,0,,,live
2026-09-11 21:21,9131889204506518131-2609111634-5,,RE1,,,2026-09-11 17:12,,0,,,live
2026-09-11 21:21,-1022053095410673294-2609111222-7,,,,,2026-09-11 17:15,,0,,,live
2026-09-11 21:21,5555371111259384160-2609110759-17,,,,,2026-09-11 17:35,,0,11,,live
2026-09-11 21:21,-7953571156990560915-2609111635-9,,RB81,,,2026-09-11 17:18,,0,,,live
2026-09-11 21:21,2028916425846017892-2609111605-9,,RE7,,,2026-09-11 17:27,,0,,,live
2026-09-11 21:21,-3188431469960858092-2609111517-12,,RE7,,,2026-09-11 17:27,,0,,,live
2026-09-11 21:21,-5981141401498695982-2609111048-11,,,,,2026-09-11 17:33,,0,,,live
2026-09-11 21:21,7394318309112910540-2609111637-6,,RE80,,,2026-09-11 17:33,,0,,,live
2026-09-11 21:21,-3430793657207903601-2609111711-5,,RB81,,,2026-09-11 17:42,,0,,,live
2026-09-11 21:21,6407795434365923900-2609111609-14,,RE1,,,2026-09-11 17:48,,0,,,live
2026-09-11 21:21,-5078598503242403170-2609111633-6,,RE4,,,2026-09-11 17:57,,0,,,live
2026-09-11 21:21,-6742916762499933092-2609111716-7,,RB81,,,2026-09-11 17:51,,0,5A-C,,live
2026-09-11 21:21,-1540995538453723069-2609111637-8,,RE70,,,2026-09-11 17:51,,0,,,live
2026-09-11 21:21,6965977597588668560-2609111634-10,,RE8,,,2026-09-11 17:55,,0,6A-C,,live
2026-09-11 21:21,-5894767788106580379-2609110649-11,,,,2026-09-11 13:24,2026-09-11 16:13,169,0,,,live
2026-09-11 21:21,5940191387125685157-2609111208-5,,,,2026-09-11 14:10,2026-09-11 16:22,132,0,,,live
2026-09-11 21:21,4370625077848889642-2609110617-11,,10,,2026-09-11 14:21,2026-09-11 17:02,161,0,5D-F,,live
2026-09-11 21:21,-3299300215104137566-2609110849-11,,,,2026-09-11 15:24,2026-09-11 16:34,70,0,11,,live
2026-09-11 21:21,-8386336934533711188-2609110728-13,,,,2026-09-11 15:49,2026-09-11 16:33,44,0,,,live
2026-09-11 21:21,4456009358061919461-2609111012-11,,,,2026-09-11 15:57,2026-09-11 15:59,2,0,,,live
2026-09-11 21:21,-7184453857839759572-2609110728-16,,,,2026-09-11 16:15,2026-09-11 16:53,38,0,,,live
2026-09-11 21:21,5446676395577831400-2609111112-10,,,,2026-09-11 16:57,2026-09-11 17:21,24,0,12,,live
2026-09-11 23:30,-4746601975893891304-2609110851-11,,,,,2026-09-11 14:16,,0,11,,live
2026-09-11 23:30,-5703640496454004355-2609110825-3,,,,,2026-09-11 08:57,,0,,,live
2026-09-11 23:30,-8471873024121272354-2609110926-3,,,,,2026-09-11 09:59,,0,,,live
2026-09-11 23:30,-94874149339089986-2609110904-2,,,,,2026-09-11 09:18,,0,8,,live
2026-09-11 23:30,849739818486357405-2609110622-9,,,,,,,1,,,live
2026-09-11 23:30,-3131052602046952620-2609110631-10,,,,,2026-09-11 12:27,,0,,,live
2026-09-11 23:30,1107401163985695681-2609111221-2,,,,,2026-09-11 12:25,,0,,,live
2026-09-11 23:30,8117886911530298430-2609111218-3,,,,,2026-09-11 12:32,,0,,,live
2026-09-11 23:30,-3516612710550469561-2609111253-2,,,,,2026-09-11 12:57,,0,,,live
2026-09-11 23:30,6183313586347354073-2609111455-2,,,,,2026-09-11 15:08,,0,,,live
2026-09-11 23:30,8290912034684684315-2609111536-2,,,,,2026-09-11 16:04,,0,,,live
2026-09-11 23:30,8088226351077928869-2609111046-12,,,,,2026-09-11 18:03,,0,,,live
2026-09-11 23:30,-7714364757423921343-2609111206-11,,,,,2026-09-11 18:00,,0,,,live
2026-09-11 23:30,3934059699535638280-2609111741-5,,RB81,,,,,1,,,live
2026-09-11 23:30,-4382352578512903050-2609111700-7,,RE3,,,2026-09-11 18:10,,0,,,live
2026-09-11 23:30,2623521057551511012-2609111734-5,,RE1,,,2026-09-11 18:13,,0,,,live
2026-09-11 23:30,9011011619156863439-2609110928-16,,,,,2026-09-11 18:24,,0,,,live
2026-09-11 23:30,-1801168499836799587-2609111735-9,,RB81,,,2026-09-11 18:21,,0,,,live
2026-09-11 23:30,-4829231221989570123-2609111734-10,,RB31,,,2026-09-11 18:21,,0,,,live
2026-09-11 23:30,7983265410354562836-2609110844-14,,10,,,2026-09-11 18:22,,0,,,live
2026-09-11 23:30,-3143394660947009224-2609111705-9,,RE7,,,2026-09-11 18:24,,0,,,live
2026-09-11 23:30,3210025791970963021-2609111617-12,,RE7,,,2026-09-11 18:24,,0,,,live
2026-09-11 23:30,-8987211390072106276-2609111231-10,,,,,2026-09-11 18:26,,0,,,live
2026-09-11 23:30,7597922018485472491-2609111737-6,,RE80,,,2026-09-11 18:26,,0,,,live
2026-09-11 23:30,991196480841819463-2609111811-5,,RB81,,,2026-09-11 18:35,,0,,,live
2026-09-11 23:30,-6660596252710225389-2609111608-20,,RE1,,,2026-09-11 18:43,,0,8,,live
2026-09-11 23:30,-2843829057041584062-2609111322-9,,,,,2026-09-11 18:39,,0,,,live
2026-09-11 23:30,-9085290573223992650-2609111733-6,,RE4,,,2026-09-11 18:45,,0,11A-C,,live
2026-09-11 23:30,-168947615118543906-2609111816-7,,RB81,,,2026-09-11 18:48,,0,,,live
2026-09-11 23:30,6593321700898874670-2609111516-9,,,,,2026-09-11 19:07,,0,11D-F,,live
2026-09-11 23:30,-3033115216451536190-2609111737-8,,RE70,,,2026-09-11 18:53,,0,,,live
2026-09-11 23:30,-726710747635687293-2609111734-10,,RE8,,,2026-09-11 18:55,,0,,,live
2026-09-11 23:30,3752753900538111007-2609111709-13,,RE5,,,2026-09-11 18:58,,0,,,live
2026-09-11 23:30,-5985747340714934197-2609111422-7,,,,,2026-09-11 19:10,,0,12,,live
2026-09-11 23:30,8477967397184429333-2609111841-5,,RB81,,,2026-09-11 19:04,,0,,,live
2026-09-11 23:30,3287944090513843782-2609111800-7,,RE3,,,2026-09-11 19:08,,0,11,,live
2026-09-11 23:30,-1767512675361602407-2609111501-10,,20,,,2026-09-11 19:12,,0,13,,live
2026-09-11 23:30,-5535788722995622570-2609111834-5,,RE1,,,2026-09-11 19:10,,0,,,live
2026-09-11 23:30,7702481692019596064-2609110838-20,,,,,2026-09-11 19:27,,0,,,live
2026-09-11 23:30,-3084196800500940002-2609111835-9,,RB81,,,2026-09-11 19:22,,0,,,live
2026-09-11 23:30,-4196071307122765920-2609111834-10,,RB31,,,2026-09-11 19:26,,0,13A-C,,live
2026-09-11 23:30,-217182095076231910-2609111805-9,,RE7,,,2026-09-11 19:22,,0,,,live
2026-09-11 23:30,-8983882588452863360-2609111717-12,,RE7,,,2026-09-11 19:22,,0,,,live
2026-09-11 23:30,5432269152027501927-2609111837-6,,RE80,,,2026-09-11 19:25,,0,,,live
2026-09-11 23:30,-4941313803537188979-2609111911-5,,RB81,,,2026-09-11 19:34,,0,,,live
2026-09-11 23:30,-4674267576494149068-2609111809-14,,RE1,,,2026-09-11 19:49,,0,,,live
2026-09-11 23:30,1969652039886200745-2609111853-9,,RB71,,,2026-09-11 19:58,,0,11,,live
2026-09-11 23:30,-8626241792514986920-2609111833-6,,RE4,,,2026-09-11 19:47,,0,,,live
2026-09-11 23:30,1987212636059922431-2609111916-7,,RB81,,,,,1,,,live
2026-09-11 23:30,616463185832256372-2609111834-10,,RE8,,,2026-09-11 19:54,,0,,,live
2026-09-11 23:30,-189392109382465219-2609111809-13,,RE5,,,2026-09-11 19:57,,0,,,live
2026-09-11 23:30,5186490163197231839-2609111018-3,,,,2026-09-11 10:31,2026-09-11 11:04,33,0,,,live
2026-09-11 23:30,7010865890648061607-2609111018-3,,,,2026-09-11 10:31,2026-09-11 11:04,33,0,,,live
2026-09-11 23:30,8424926463268784650-2609111253-2,,,,2026-09-11 12:57,2026-09-11 12:57,0,0,,,live
2026-09-11 23:30,6330890959881575446-2609110953-6,,,,2026-09-11 13:06,2026-09-11 14:11,65,0,13,,live
2026-09-11 23:30,705193835817191755-2609111216-3,,,,2026-09-11 13:24,2026-09-11 14:15,51,0,,,live
2026-09-11 23:30,-3692955521338963828-2609111055-6,,,,2026-09-11 14:05,2026-09-11 14:52,47,0,,,live
2026-09-11 23:30,-6012005053401607387-2609111122-8,,,,2026-09-11 16:39,2026-09-11 17:23,44,0,11,,live
2026-09-11 23:30,-8203730335240301807-2609111122-8,,,,2026-09-11 16:39,2026-09-11 17:23,44,0,11,,live
2026-09-11 23:30,-3983398794259337464-2609110820-20,,,,2026-09-11 18:10,2026-09-11 19:06,56,0,,,live
2026-09-11 23:30,-1232655254793753917-2609110820-20,,,,2026-09-11 18:10,2026-09-11 19:12,62,0,,,live
2026-09-11 23:30,5640294169027894838-2609112111-2,D,,300,2026-09-11 23:45,2026-09-11 23:45,0,0,5,Berlin Hbf,live
2026-09-12 01:30,-9013027983394594721-2609110916-2,,,,,2026-09-11 09:56,,0,,,live
2026-09-12 01:30,-2910589038648014094-2609111326-3,,,,,2026-09-11 13:57,,0,,,live
2026-09-12 01:30,6610086332469437335-2609111026-3,,,,,2026-09-11 10:50,,0,,,live
2026-09-12 01:30,5653087570567167872-2609111126-3,,,,,2026-09-11 11:45,,0,,,live
2026-09-12 01:30,-1151057268452720658-2609111137-2,,,,,2026-09-11 11:58,,0,,,live
2026-09-12 01:30,-1497213994658544450-2609111154-2,,,,,2026-09-11 12:14,,0,,,live
2026-09-12 01:30,-762086226758254325-2609111226-3,,,,,2026-09-11 12:50,,0,11,,live
2026-09-12 01:30,5646701767039716240-2609111317-2,,,,,2026-09-11 13:52,,0,,,live
2026-09-12 01:30,-266204046597736577-2609111353-2,,,,,2026-09-11 14:20,,0,13,,live
2026-09-12 01:30,-8215575323288146568-2609111421-2,,,,,2026-09-11 14:42,,0,,,live
2026-09-12 01:30,-4503530441970809798-2609111418-3,,,,,2026-09-11 14:46,,0,5,,live
2026-09-12 01:30,-7956047615718350819-2609111426-3,,,,,2026-09-11 14:49,,0,,,live
2026-09-12 01:30,5612476870594813183-2609111453-2,,,,,2026-09-11 14:59,,0,,,live
2026-09-12 01:30,-5425302918995479956-2609111526-3,,,,,2026-09-11 15:47,,0,,,live
2026-09-12 01:30,-988583344704703688-2609111553-2,,,,,2026-09-11 15:56,,1,,,live
2026-09-12 01:30,2312296716933966404-2609111554-2,,,,,2026-09-11 16:07,,0,13,,live
2026-09-12 01:30,5018129031528756061-2609111031-10,,,,,2026-09-11 16:39,,0,13,,live
2026-09-12 01:30,3445083957053622931-2609111621-2,,,,,2026-09-11 16:33,,0,,,live
2026-09-12 01:30,-7621712260142359390-2609111618-3,,,,,2026-09-11 16:57,,0,,,live
2026-09-12 01:30,-6235789055676348186-2609111626-3,,,,,2026-09-11 16:43,,0,,,live
2026-09-12 01:30,-4903045561539693758-2609111653-2,,,,,2026-09-11 17:09,,0,,,live
2026-09-12 01:30,3457443120563044576-2609111616-3,,,,,2026-09-11 17:32,,0,,,live
2026-09-12 01:30,-7911985963316050659-2609111718-2,,,,,2026-09-11 17:34,,0,,,live
2026-09-12 01:30,6194893901306646476-2609111726-3,,,,,2026-09-11 17:43,,0,,,live
2026-09-12 01:30,-5487531873915021544-2609111753-2,,,,,2026-09-11 18:20,,0,,,live
2026-09-12 01:30,-6439185077160185089-2609111821-2,,,,,2026-09-11 18:43,,0,13,,live
2026-09-12 01:30,6810614476303646777-2609111826-3,,,,,2026-09-11 18:38,,0,,,live
2026-09-12 01:30,-667854438862135023-2609111248-11,,,,,2026-09-11 19:36,,0,,,live
2026-09-12 01:30,7295872794936909964-2609111918-2,,,,,2026-09-11 19:32,,0,,,live
2026-09-12 01:30,-8196009632544207530-2609111936-2,,,,,2026-09-11 19:47,,1,,,live
2026-09-12 01:30,2992892244540391539-2609111837-8,,RE70,,,2026-09-11 20:00,,0,,,live
2026-09-12 01:30,8817258909479770029-2609111900-7,,RE3,,,2026-09-11 20:08,,0,,,live
2026-09-12 01:30,-2953368913560705679-2609111809-5,,,,,2026-09-11 20:13,,0,8,,live
2026-09-12 01:30,-605356019567509609-2609111935-9,,RB81,,,2026-09-11 20:18,,0,,,live
2026-09-12 01:30,-8977158693366199082-2609111934-10,,RB31,,,2026-09-11 20:27,,0,,,live
2026-09-12 01:30,791009188262532597-2609111214-11,,10,,,2026-09-11 20:35,,0,11,,live
2026-09-12 01:30,8552297428684472340-2609111817-12,,RE7,,,2026-09-11 20:26,,0,,,live
2026-09-12 01:30,-2491225657618914529-2609111905-9,,RE7,,,2026-09-11 20:26,,0,,,live
2026-09-12 01:30,-7033374564671118827-2609111937-6,,RE80,,,2026-09-11 20:24,,0,,,live
2026-09-12 01:30,3499338043235512572-2609112018-3,,,,,2026-09-11 20:33,,0,5,,live
2026-09-12 01:30,-4463983841688751065-2609112026-3,,,,,2026-09-11 20:41,,0,12,,live
2026-09-12 01:30,-4651091680957662997-2609111808-20,,RE1,,,2026-09-11 20:42,,0,,,live
2026-09-12 01:30,-657578417068350480-2609111933-6,,RE4,,,2026-09-11 20:53,,0,12C-F,,live
2026-09-12 01:30,-1594939601719293815-2609112016-7,,RB81,,,2026-09-11 20:52,,0,,,live
2026-09-12 01:30,1653769359355988939-2609111937-8,,RE70,,,2026-09-11 20:52,,0,,,live
2026-09-12 01:30,-7189239938680406879-2609111934-10,,RE8,,,2026-09-11 20:55,,0,,,live
2026-09-12 01:30,-6335441146611643039-2609111909-13,,RE5,,,2026-09-11 21:01,,0,,,live
2026-09-12 01:30,-5033423880624192770-2609112000-7,,RE3,,,2026-09-11 21:06,,0,,,live
2026-09-12 01:30,-8705107722613527627-2609111059-23,,,,,2026-09-11 21:20,,0,,,live
2026-09-12 01:30,-4684127518317498007-2609112035-9,,RB81,,,2026-09-11 21:20,,0,6A-C,,live
2026-09-12 01:30,-1621849622641880552-2609112034-10,,RB31,,,2026-09-11 21:28,,0,12C-F,,live
2026-09-12 01:30,-1588936129122896413-2609111448-11,,,,,2026-09-11 21:26,,0,,,live
2026-09-12 01:30,2276889944093943677-2609112037-6,,RE80,,,2026-09-11 21:25,,0,7A-D,,live
2026-09-12 01:30,8620543286702518895-2609111957-15,,RB41,,,2026-09-11 21:31,,0,,,live
2026-09-12 01:30,663190152182156072-2609112106-5,,RE1,,,2026-09-11 21:45,,0,,,live
2026-09-12 01:30,-7092677900906309611-2609112033-6,,RE4,,,2026-09-11 21:47,,0,,,live
2026-09-12 01:30,-2167438544370822717-2609112136-2,,,,,2026-09-11 21:46,,0,,,live
2026-09-12 01:30,-7989621655338553543-2609112116-7,,RB81,,,2026-09-11 21:48,,0,,,live
2026-09-12 01:30,2125648005524986325-2609112037-8,,RE70,,,2026-09-11 22:03,,0,12C-F,,live
2026-09-12 01:30,-8541225441126762699-2609112034-10,,RE8,,,2026-09-11 21:59,,0,5A-C,,live
2026-09-12 01:30,-5837382828980643327-2609112009-13,,RE5,,,2026-09-11 22:07,,0,,,live
2026-09-12 01:30,8752482116785104842-2609111043-16,,,,,2026-09-11 21:52,,0,13D-F,,live
2026-09-12 01:30,5934575629537714195-2609112100-7,,RE3,,,2026-09-11 22:20,,0,8,,live
2026-09-12 01:30,5318762053619111542-2609112135-9,,RB81,,,2026-09-11 22:21,,0,,,live
2026-09-12 01:30,-8573984535168492837-2609112134-10,,RB31,,,2026-09-11 22:36,,0,13,,live
2026-09-12 01:30,-5996253563241751962-2609111955-4,,10,,,,,1,,,live
2026-09-12 01:30,-4980506932980029357-2609111631-10,,,,,2026-09-11 22:50,,0,8,,live
2026-09-12 01:30,-2991242414688689415-2609112058-15,,RB41,,,2026-09-11 22:27,,0,11D-F,,live
2026-09-12 01:30,-6004858853457181289-2609112137-6,,RE80,,,2026-09-11 22:25,,0,,,live
2026-09-12 01:30,3022098769984207831-2609112008-20,,RE1,,,2026-09-11 22:39,,0,7G-I,,live
2026-09-12 01:30,-8119704575230013689-2609112133-6,,RE4,,,2026-09-11 22:51,,0,,,live
2026-09-12 01:30,6353778459721582899-2609112216-7,,RB81,,,2026-09-11 22:49,,0,5A-C,,live
2026-09-12 01:30,8601835580030259121-2609112137-8,,RE70,,,2026-09-11 22:52,,0,5D-F,,live
2026-09-12 01:30,-339522110090732142-2609112134-10,,RE8,,,2026-09-11 22:53,,0,,,live
2026-09-12 01:30,-5274498512200273196-2609112109-13,,RE5,,,2026-09-11 23:17,,0,,,live
2026-09-12 01:30,-4758242349678413284-2609111238-21,,,,,2026-09-11 23:22,,0,13,,live
2026-09-12 01:30,-5438102898558279853-2609112235-9,,RB81,,,2026-09-11 23:19,,0,,,live
2026-09-12 01:30,-7974507108751571196-2609112250-6,,RB31,,,2026-09-11 23:30,,0,14A-C,,live
2026-09-12 01:30,1158680361786977203-2609112257-3,,RE80,,,2026-09-11 23:25,,0,,,live
2026-09-12 01:30,-8566953819069085350-2609112157-15,,RB41,,,2026-09-11 23:32,,0,,,live
2026-09-12 01:30,442161405481707538-2609112119-14,,RE7,,,2026-09-11 23:34,,0,12C-F,,live
2026-09-12 01:30,573841601175746681-2609112205-11,,RE7,,,2026-09-11 23:34,,0,12C-F,,live
2026-09-12 01:30,-4818102182269436190-2609111646-11,,,,,2026-09-12 00:02,,0,,,live
2026-09-12 01:30,5159579159358071308-2609112316-7,,RB81,,,2026-09-11 23:48,,0,,,live
2026-09-12 01:30,3370285438001482281-2609112234-10,,RE8,,,2026-09-11 23:53,,0,,,live
2026-09-12 01:30,675891562778379332-2609112209-13,,RE5,,,2026-09-12 00:08,,0,,,live
2026-09-12 01:30,3366099886625871029-2609111416-3,,,,2026-09-11 15:25,2026-09-11 16:00,35,0,,,live
2026-09-12 01:30,-1594677098900319220-2609111022-8,,,,2026-09-11 15:28,2026-09-11 16:35,67,0,8,,live
2026-09-12 01:30,8592904892490438329-2609111553-2,,,,2026-09-11 15:57,2026-09-11 15:56,,1,,,live
2026-09-12 01:30,-5846435217397947137-2609111653-2,,,,2026-09-11 16:57,2026-09-11 17:09,12,0,,,live
2026-09-12 01:30,8262134096716058006-2609111353-6,,,,2026-09-11 17:06,,,1,,,live
2026-09-12 01:30,3027779636165716798-2609111436-6,,,,2026-09-11 17:47,2026-09-11 19:13,86,0,,,live
2026-09-12 01:30,8176182407586879684-2609111818-3,,,,2026-09-11 18:31,2026-09-11 19:18,47,0,,,live
2026-09-12 01:30,-7207681302375577122-2609111818-3,,,,2026-09-11 18:31,2026-09-11 19:18,47,0,,,live
2026-09-12 01:30,387110255594909239-2609111816-3,,,,2026-09-11 19:25,2026-09-11 19:54,29,0,,,live
2026-09-12 01:30,-5336000001500092065-2609111816-3,,,,2026-09-11 19:25,2026-09-11 19:54,29,0,,,live
2026-09-12 01:30,776874307993202871-2609111246-12,,,,2026-09-11 19:38,2026-09-11 20:31,53,0,8,,live
2026-09-12 01:30,-1261071308251314263-2609111406-11,,,,2026-09-11 19:57,2026-09-11 20:41,44,0,13,,live
2026-09-12 01:30,-6452407069337976676-2609111128-16,,,,2026-09-11 20:15,2026-09-11 20:58,43,0,8,,live
2026-09-12 01:30,-2635761254150782051-2609110730-21,,,,2026-09-11 20:25,2026-09-11 21:10,45,0,,,live
2026-09-12 01:30,5351133746540780755-2609112021-2,,,,2026-09-11 20:25,,,1,,,live
2026-09-12 01:30,-1302275594339840200-2609111522-8,,,,2026-09-11 20:29,2026-09-11 22:23,114,0,11,,live
2026-09-12 01:30,8449059739450198843-2609111452-8,,,,2026-09-11 20:39,2026-09-11 21:58,79,0,14,,live
2026-09-12 01:30,4560172541036709998-2609111512-10,,,,2026-09-11 20:57,2026-09-11 22:03,66,0,8,,live
2026-09-12 01:30,7477802392156268706-2609111512-10,,,,2026-09-11 20:57,2026-09-11 22:03,66,0,8,,live
2026-09-12 01:30,-817221913954939816-2609111448-11,,,,2026-09-11 21:24,2026-09-11 21:26,2,0,,,live
2026-09-12 01:30,-4925631668679901084-2609112121-2,,,,2026-09-11 21:25,2026-09-11 21:24,,1,,,live
2026-09-12 01:30,2174157627900790978-2609112121-2,,,,2026-09-11 21:25,2026-09-11 21:24,,1,,,live
2026-09-12 01:30,-8243134940294726177-2609111446-12,,,,2026-09-11 21:35,2026-09-11 22:24,49,0,,,live
2026-09-12 01:30,5818020606803679032-2609111606-11,,,,2026-09-11 21:57,2026-09-11 23:11,74,0,12,,live
2026-09-12 01:30,-4485210929310056893-2609111626-11,,,,2026-09-11 22:10,2026-09-11 22:43,33,0,5D-F,,live
2026-09-12 01:30,6954924236955692259-2609111328-16,,,,2026-09-11 22:15,2026-09-11 22:53,38,0,11,,live
2026-09-12 01:30,9120432599921369422-2609111722-8,,,,2026-09-11 22:40,2026-09-11 23:24,44,0,11,,live
2026-09-12 01:30,-7193636000516531658-2609112200-7,,RE3,,2026-09-11 23:05,2026-09-11 23:37,32,0,,,live
2026-09-12 01:30,3039826787542326923-2609112209-5,ICE,,702,2026-09-12 00:10,2026-09-12 00:28,18,0,5,Berlin Hbf,live
2026-09-12 01:30,-5040855886902453859-2609111528-16,ICE,,514,2026-09-12 00:15,2026-09-12 00:51,36,0,13,München Hbf,live
2026-09-12 01:30,5084834081299892186-2609112335-9,RB,RB81,11339,2026-09-12 00:18,2026-09-12 00:18,0,0,6A-C,Bad Oldesloe,live
2026-09-12 01:30,-4550435493069381661-2609112300-11,ME,RB31,81642,2026-09-12 00:20,2026-09-12 00:21,1,0,11D-F,Uelzen,live
2026-09-12 01:30,4222817464971087397-2609112305-11,RE,RE7,11291,2026-09-12 00:21,2026-09-12 00:30,9,0,14,Kiel Hbf,live
2026-09-12 01:30,5575186578699553736-2609120000-7,RB,RB81,11391,2026-09-12 00:31,2026-09-12 00:32,1,0,8,Bargteheide,live
2026-09-12 01:30,-6748942984235284913-2609112208-20,RE,RE1,4320,2026-09-12 00:38,2026-09-12 00:41,3,0,12A-B,Rostock Hbf,live
2026-09-12 01:30,-1290839640796586839-2609111811-11,ICE,,782,2026-09-12 00:44,2026-09-12 01:04,20,0,8,München Hbf,live
2026-09-12 01:30,-5610966871480323789-2609112312-15,ME,RB41,81942,2026-09-12 00:47,2026-09-12 01:16,,1,11A-C,Bremen Hbf,live
2026-09-12 01:30,7356141276946838163-2609112334-10,RE,RE8,11441,2026-09-12 00:53,2026-09-12 00:58,5,0,7A-D,Lübeck-Travemünde Strand,live
2026-09-12 01:30,4760651137475633059-2609112358-11,ME,RB31,81644,2026-09-12 01:09,,,1,11D-F,Uelzen,live
2026-09-12 01:30,-9191461372192634815-2609120035-9,RB,RB81,11341,2026-09-12 01:18,2026-09-12 01:19,1,0,6A-C,Bad Oldesloe,live
2026-09-12 01:30,-6711307188089838742-2609120005-11,RE,RE7,11293,2026-09-12 01:24,2026-09-12 01:34,10,0,13D-F,Kiel Hbf,live
2026-09-12 01:30,9095766634084152066-2609120015-15,ME,RB41,81944,2026-09-12 01:44,2026-09-12 01:46,2,0,11D-F,Bremen Hbf,live
2026-09-12 01:30,4727906243602492961-2609120034-10,RE,RE8,11443,2026-09-12 01:53,2026-09-12 01:53,0,0,7A-D,Lübeck-Travemünde Strand,live
2026-09-12 06:26,789362450703873371-2609120355-5,,RB81,,,2026-09-12 04:21,,0,8,,live
2026-09-12 06:26,-524151628723159576-2609111853-2,,,,,2026-09-11 19:00,,0,,,live
2026-09-12 06:26,-8465647323724986244-2609120201-11,,RB31,,,2026-09-12 03:21,,0,12,,live
2026-09-12 06:26,-8838656926973727934-2609120314-15,,RB41,,,2026-09-12 04:44,,0,11,,live
2026-09-12 06:26,3859428609556967600-2609120305-7,,RB41,,,2026-09-12 04:04,,0,,,live
2026-09-12 06:26,1974750696360792221-2609120301-11,,RB31,,,2026-09-12 04:23,,0,13A-C,,live
2026-09-12 06:26,7503686131581050153-2609120205-10,,RE7,,,2026-09-12 03:30,,0,,,live
2026-09-12 06:26,778035638382878941-2609120307-5,,RE1,,,2026-09-12 03:40,,0,5A-C,,live
2026-09-12 06:26,-6808830023448609885-2609120235-9,,RB81,,,2026-09-12 03:26,,0,8,,live
2026-09-12 06:26,-8080876639723557993-2609120135-9,,RB81,,,2026-09-12 02:20,,0,6A-C,,live
2026-09-12 06:26,-8493433741928369285-2609120101-11,,RB31,,,2026-09-12 02:23,,0,,,live
2026-09-12 06:26,-2493614975310952822-2609120105-10,,RE7,,,2026-09-12 02:27,,0,,,live
2026-09-12 06:26,-4040939006420560852-2609120114-15,,RB41,,,2026-09-12 02:45,,0,,,live
2026-09-12 06:26,5192289863295595510-2609120134-10,,RE8,,,2026-09-12 02:57,,0,,,live
2026-09-12 06:26,4662429155137393014-2609120409-5,,RE8,,,2026-09-12 04:56,,0,8,,live
2026-09-12 06:26,4616132509440114441-2609111853-2,,,,2026-09-11 18:57,2026-09-11 19:00,3,0,,,live
2026-09-12 06:26,-8941932149309778658-2609111922-9,,,,2026-09-12 01:27,2026-09-12 02:19,52,0,,,live
2026-09-12 06:26,-6641565464322350027-2609120402-11,NBE,RB61,75501,2026-09-12 05:01,2026-09-12 05:05,4,0,13D-F,Itzehoe,live
2026-09-12 06:26,8104519730754987199-2609120435-9,RB,RB81,11301,2026-09-12 05:18,2026-09-12 05:19,1,0,6A-C,Bad Oldesloe,live
2026-09-12 06:26,6893294239083086479-2609120451-7,ME,RB41,81904,2026-09-12 05:27,2026-09-12 05:32,5,0,12A-B,Tostedt,live
2026-09-12 06:26,-7846594102341629161-2609120405-9,RE,RE7,11253,2026-09-12 05:33,2026-09-12 05:31,-2,0,7G-I,Kiel Hbf,live
2026-09-12 06:26,-2392591812561718951-2609120453-9,NBE,RB71,81859,2026-09-12 05:41,2026-09-12 05:50,9,0,13D-F,Wrist,live
2026-09-12 06:26,-4204938752686762051-2609120516-7,RB,RB81,11353,2026-09-12 05:48,2026-09-12 05:50,2,0,8,Bargteheide,live
2026-09-12 06:26,-7877843962657609673-2609120509-5,RE,RE8,11403,2026-09-12 05:53,2026-09-12 05:56,3,0,6A-C,Lübeck Hbf,live
2026-09-12 11:11,-8677182982400525824-2609112030-14,,,,,2026-09-12 08:38,,0,,,live
2026-09-12 11:11,-7058442198521206872-2609111836-13,,,,,2026-09-12 08:38,,0,,,live
2026-09-12 11:11,5926473462606976417-2609111926-3,,,,,2026-09-11 19:38,,0,,,live
2026-09-12 11:11,7597089806492032299-2609112220-2,,,,,,,1,,,live
2026-09-12 11:11,2774174590951633862-2609112225-3,,,,,2026-09-11 22:38,,0,12,,live
2026-09-12 11:11,-6468886972191162920-2609120702-11,,RB61,,,2026-09-12 08:05,,0,,,live
2026-09-12 11:11,-1275104846797668518-2609120735-9,,RB81,,,2026-09-12 08:19,,0,,,live
2026-09-12 11:11,4733426678694405219-2609120700-7,,RE3,,,2026-09-12 08:10,,0,,,live
2026-09-12 11:11,6220447137645637542-2609120737-8,,RE70,,,2026-09-12 08:54,,0,,,live
2026-09-12 11:11,7511148090173910504-2609120412-3,,,,,2026-09-12 04:24,,0,,,live
2026-09-12 11:11,-5138192615591901711-2609120617-11,,RE7,,,,,1,,,live
2026-09-12 11:11,3504736514239542448-2609120608-20,,RE1,,,2026-09-12 08:39,,0,,,live
2026-09-12 11:11,-8657950163252962648-2609120705-8,,RE7,,,,,1,,,live
2026-09-12 11:11,-1151538930163409874-2609120816-7,,RB81,,,2026-09-12 08:52,,0,,,live
2026-09-12 11:11,6533056364528985396-2609120737-6,,RE80,,,2026-09-12 08:25,,0,,,live
2026-09-12 11:11,-7325168190881566240-2609120734-10,,RE8,,,2026-09-12 08:55,,0,,,live
2026-09-12 11:11,-2275836909676922659-2609120733-6,,RE4,,,2026-09-12 08:49,,0,,,live
2026-09-12 11:11,1235622964461153188-2609120558-6,,,,,2026-09-12 08:10,,0,,,live
2026-09-12 11:11,-6531275544337293034-2609120753-9,,RB71,,,2026-09-12 08:44,,0,,,live
2026-09-12 11:11,6685217433766425145-2609120624-3,,,,,2026-09-12 08:24,,0,,,live
2026-09-12 11:11,3633423506968040756-2609120536-2,,,,,2026-09-12 05:53,,0,7,,live
2026-09-12 11:11,-1237890003819403071-2609120502-11,,RB61,,,2026-09-12 06:05,,0,,,live
2026-09-12 11:11,-8389170061218175037-2609120500-7,,RE3,,,2026-09-12 06:05,,0,,,live
2026-09-12 11:11,635156796628650000-2609120535-9,,RB81,,,2026-09-12 06:18,,0,,,live
2026-09-12 11:11,-9149063309734653751-2609120505-8,,RE7,,,2026-09-12 06:29,,0,,,live
2026-09-12 11:11,8012535015307398934-2609120506-14,,RE1,,,2026-09-12 06:32,,0,7A-D,,live
2026-09-12 11:11,6567724901549400999-2609120553-9,,RB71,,,,,1,,,live
2026-09-12 11:11,-6961852970408451758-2609120616-7,,RB81,,,2026-09-12 06:50,,0,,,live
2026-09-12 11:11,8503777394879306018-2609112324-12,,,,,2026-09-12 06:52,,0,12,,live
2026-09-12 11:11,2648435496848007442-2609120537-8,,RE70,,,2026-09-12 07:06,,0,,,live
2026-09-12 11:11,-591780081192487579-2609120534-10,,RE8,,,2026-09-12 06:56,,0,,,live
2026-09-12 11:11,4682136619533968759-2609120602-11,,RB61,,,2026-09-12 07:09,,0,,,live
2026-09-12 11:11,8209469800275406026-2609112252-11,,,,,2026-09-12 07:12,,0,,,live
2026-09-12 11:11,-6026100001913276581-2609120605-7,,RE3,,,2026-09-12 07:14,,0,,,live
2026-09-12 11:11,-7403540165833005095-2609120635-9,,RB81,,,2026-09-12 07:18,,0,,,live
2026-09-12 11:11,-9218627476631391022-2609120605-8,,RE7,,,,,1,,,live
2026-09-12 11:11,-61162464930520183-2609120517-11,,RE7,,,,,1,,,live
2026-09-12 11:11,3119815850397800818-2609120520-5,,,,,2026-09-12 07:39,,0,,,live
2026-09-12 11:11,5926379620860043859-2609120637-6,,RE80,,,2026-09-12 07:27,,0,,,live
2026-09-12 11:11,3087725302526898449-2609120609-14,,RE1,,,2026-09-12 07:51,,0,,,live
2026-09-12 11:11,1501460796885002383-2609120653-9,,RB71,,,2026-09-12 07:46,,0,,,live
2026-09-12 11:11,1780005861133435626-2609120633-6,,RE4,,,2026-09-12 07:48,,0,,,live
2026-09-12 11:11,4444191826229498762-2609120716-7,,RB81,,,2026-09-12 07:48,,0,,,live
2026-09-12 11:11,7320984570293106503-2609120637-8,,RE70,,,2026-09-12 07:57,,0,,,live
2026-09-12 11:11,1003446772902483359-2609112059-16,,,,,2026-09-12 08:07,,0,,,live
2026-09-12 11:11,-5591597380485360579-2609112059-16,,,,,2026-09-12 08:07,,0,,,live
2026-09-12 11:11,2129645013961779609-2609120634-10,,RE8,,,2026-09-12 07:53,,0,,,live
2026-09-12 11:11,6885212790092918782-2609120627-6,,,,,2026-09-12 08:00,,0,,,live
2026-09-12 11:11,-8941351012210795872-2609112004-2,,,,2026-09-11 20:18,2026-09-11 20:49,31,0,13,,live
2026-09-12 11:11,-6516720471771617562-2609120520-5,,,,2026-09-12 07:25,2026-09-12 07:39,14,0,,,live
2026-09-12 14:11,6992012378128167215-2609111955-3,,,,,2026-09-11 20:17,,0,12,,live
2026-09-12 14:11,-8018116824080471880-2609111955-3,,,,,2026-09-11 20:17,,0,12,,live
2026-09-12 14:11,8919906662830451003-2609111839-2,,,,,2026-09-11 21:51,,0,7G-I,,live
2026-09-12 14:11,-521217330813819261-2609112156-3,,,,,2026-09-11 22:07,,0,13,,live
2026-09-12 14:11,5489382238418385337-2609112156-3,,,,,2026-09-11 22:07,,0,13,,live
2026-09-12 14:11,-4976880781789089102-2609120916-7,,RB81,,,2026-09-12 09:49,,0,,,live
2026-09-12 14:11,6162665181296755688-2609120834-10,,RE8,,,2026-09-12 09:55,,0,,,live
2026-09-12 14:11,-6051409117345262240-2609120837-8,,RE70,,,2026-09-12 10:03,,0,,,live
2026-09-12 14:11,-7763829618738350329-2609120835-9,,RB81,,,2026-09-12 09:18,,0,,,live
2026-09-12 14:11,-121286730437505369-2609120500-7,,,,,2026-09-12 09:41,,0,8,,live
2026-09-12 14:11,1179810196779242077-2609120511-9,,,,,2026-09-12 09:13,,0,,,live
2026-09-12 14:11,5305980712996650155-2609120717-11,,RE7,,,2026-09-12 09:21,,1,,,live
2026-09-12 14:11,124799472615284657-2609120612-6,,,,,2026-09-12 09:27,,0,,,live
2026-09-12 14:11,8692278081732729076-2609120853-9,,RB71,,,2026-09-12 09:47,,0,,,live
2026-09-12 14:11,1663072533275665667-2609120441-9,,,,,2026-09-12 08:55,,0,,,live
2026-09-12 14:11,-4788303791955844301-2609120800-7,,RE3,,,2026-09-12 09:05,,0,,,live
2026-09-12 14:11,-2081579378438234204-2609120659-7,,,,,2026-09-12 09:31,,0,11,,live
2026-09-12 14:11,1007082014350364628-2609120833-6,,RE4,,,2026-09-12 09:45,,0,,,live
2026-09-12 14:11,9052379201596750574-2609120805-8,,RE7,,,2026-09-12 09:21,,1,,,live
2026-09-12 14:11,4529325751578925480-2609120802-11,,RB61,,,2026-09-12 09:01,,0,,,live
2026-09-12 14:11,-2423071449091358489-2609120803-8,,RE80,,,2026-09-12 09:25,,0,,,live
2026-09-12 14:11,-4780306928560468597-2609111625-12,,,,,2026-09-12 05:05,,0,,,live
2026-09-12 14:11,-8237034450104717281-2609112155-3,,,,,2026-09-12 05:15,,0,,,live
2026-09-12 14:11,4180424140630502365-2609120521-2,,,,,2026-09-12 05:25,,0,,,live
2026-09-12 14:11,-1592057700459732081-2609120517-3,,,,,2026-09-12 05:37,,0,,,live
2026-09-12 14:11,7911763598988154921-2609120553-2,,,,,2026-09-12 06:01,,0,,,live
2026-09-12 14:11,-4451989855667796403-2609120906-5,,RE1,,,2026-09-12 09:43,,0,,,live
2026-09-12 14:11,6756492642009796517-2609120900-7,,RE3,,,2026-09-12 10:12,,0,11A-C,,live
2026-09-12 14:11,1676136864232676735-2609120902-11,,RB61,,,,,1,,,live
2026-09-12 14:11,2686007473625185344-2609120001-21,,,,,2026-09-12 10:49,,0,11,,live
2026-09-12 14:11,1918121920534945268-2609120935-9,,RB81,,,2026-09-12 10:18,,0,,,live
2026-09-12 14:11,2175070727568941335-2609120817-11,,RE7,,,2026-09-12 10:28,,0,,,live
2026-09-12 14:11,8319768709472249445-2609120905-8,,RE7,,,2026-09-12 10:28,,0,,,live
2026-09-12 14:11,-540664132931935474-2609120642-5,,,,,2026-09-12 10:33,,0,,,live
2026-09-12 14:11,2917009695740462913-2609120903-8,,RE80,,,2026-09-12 10:25,,0,,,live
2026-09-12 14:11,-4526666360188253894-2609120808-20,,RE1,,,2026-09-12 10:48,,0,,,live
2026-09-12 14:11,-8258926274084365972-2609120953-9,,RB71,,,2026-09-12 10:41,,0,,,live
2026-09-12 14:11,-8882657082382035783-2609120933-6,,RE4,,,2026-09-12 10:50,,0,12A-B,,live
2026-09-12 14:11,-683754151173195972-2609121016-7,,RB81,,,2026-09-12 10:48,,0,,,live
2026-09-12 14:11,856699154830603595-2609120937-8,,RE70,,,2026-09-12 10:53,,0,,,live
2026-09-12 14:11,-6570859996030125968-2609120934-10,,RE8,,,2026-09-12 10:54,,0,,,live
2026-09-12 14:11,-3171428142048177713-2609120511-10,,,,,2026-09-12 11:04,,0,,,live
2026-09-12 14:11,6813734917929463684-2609121002-11,,RB61,,,2026-09-12 11:09,,0,,,live
2026-09-12 14:11,-5959358126767996816-2609121000-7,,RE3,,,2026-09-12 11:19,,0,,,live
2026-09-12 14:11,6135728412348303878-2609120711-9,,,,,2026-09-12 11:23,,0,,,live
2026-09-12 14:11,-7935312781145201778-2609121035-9,,RB81,,,2026-09-12 11:21,,0,,,live
2026-09-12 14:11,-4022866577318711827-2609121005-8,,RE7,,,2026-09-12 11:30,,0,,,live
2026-09-12 14:11,1029958765483496065-2609120917-11,,RE7,,,2026-09-12 11:30,,0,,,live
2026-09-12 14:11,-949854631482091680-2609121003-8,,RE80,,,2026-09-12 11:25,,0,,,live
2026-09-12 14:11,-969337876562701193-2609120913-15,,RE3,,,2026-09-12 11:31,,0,,,live
2026-09-12 14:11,8189707621727874292-2609120446-13,,,,,2026-09-12 11:43,,0,,,live
2026-09-12 14:11,8069478072014451954-2609121009-14,,RE1,,,2026-09-12 11:42,,0,,,live
2026-09-12 14:11,356937165382539921-2609121053-9,,RB71,,,2026-09-12 11:52,,0,,,live
2026-09-12 14:11,-8011164337776733770-2609121033-6,,RE4,,,2026-09-12 11:47,,0,,,live
2026-09-12 14:11,6658736939566971565-2609121116-7,,RB81,,,2026-09-12 11:49,,0,,,live
2026-09-12 14:11,-8919754022988888966-2609121034-10,,RE8,,,2026-09-12 11:53,,0,,,live
2026-09-12 14:11,-1822966271854478829-2609120335-12,,,,2026-09-12 08:18,2026-09-12 08:58,40,0,,,live
2026-09-12 14:11,-650890982941696531-2609120659-7,,,,2026-09-12 09:25,2026-09-12 09:31,6,0,11,,live
2026-09-12 14:11,-7059387036632833347-2609120552-7,,,,2026-09-12 11:37,2026-09-12 11:27,-10,0,,,live
2026-09-12 17:14,-8204637859905938988-2609112111-2,,,,,2026-09-11 23:51,,0,,,live
2026-09-12 17:14,8518232099080018263-2609120426-3,,,,,2026-09-12 04:39,,0,,,live
2026-09-12 17:14,-784036643221120658-2609120514-8,,,,,2026-09-12 09:09,,0,,,live
2026-09-12 17:14,6091267017474750753-2609120816-3,,,,,2026-09-12 09:30,,0,13,,live
2026-09-12 17:14,6512354943507599026-2609120526-3,,,,,2026-09-12 05:47,,0,,,live
2026-09-12 17:14,8858215695273508971-2609120621-2,,,,,2026-09-12 06:25,,0,,,live
2026-09-12 17:14,-3783829201967449571-2609120617-3,,,,,2026-09-12 06:40,,0,,,live
2026-09-12 17:14,2897765782443439104-2609120653-2,,,,,2026-09-12 06:59,,0,,,live
2026-09-12 17:14,1409628509556846116-2609120721-2,,,,,2026-09-12 07:25,,0,,,live
2026-09-12 17:14,-1928754627191023814-2609120616-3,,,,,2026-09-12 07:29,,0,,,live
2026-09-12 17:14,3572373505574423058-2609120734-2,,,,,2026-09-12 07:48,,0,,,live
2026-09-12 17:14,-7826121091385121434-2609120753-2,,,,,2026-09-12 08:02,,0,,,live
2026-09-12 17:14,-4803413020616385260-2609120936-2,,,,,2026-09-12 09:52,,0,,,live
2026-09-12 17:14,6920440659461477118-2609120809-4,,,,,2026-09-12 10:18,,0,,,live
2026-09-12 17:14,546102445726443994-2609120502-10,,,,,2026-09-12 11:00,,0,11,,live
2026-09-12 17:14,1868509910897110613-2609120537-11,,,,,2026-09-12 11:38,,0,8,,live
2026-09-12 17:14,-537957746364217611-2609121037-8,,RE70,,,2026-09-12 12:06,,0,,,live
2026-09-12 17:14,-3212205364154915817-2609120609-11,,,,,2026-09-12 12:11,,0,,,live
2026-09-12 17:14,1526194876276388981-2609121100-7,,RE3,,,2026-09-12 12:06,,0,,,live
2026-09-12 17:14,-4212522544061880680-2609121102-11,,RB61,,,2026-09-12 12:17,,0,,,live
2026-09-12 17:14,-827925658427249444-2609121009-5,,,,,2026-09-12 12:14,,0,,,live
2026-09-12 17:14,937531600424895578-2609120549-13,,,,,2026-09-12 12:17,,0,8,,live
2026-09-12 17:14,1404410154918675686-2609121135-9,,RB81,,,2026-09-12 12:22,,0,,,live
2026-09-12 17:14,94218488848062299-2609120845-5,,10,,,,,1,,,live
2026-09-12 17:14,-7866109702434619455-2609121105-8,,RE7,,,2026-09-12 12:22,,0,,,live
2026-09-12 17:14,2841218850592143799-2609121017-11,,RE7,,,2026-09-12 12:22,,0,,,live
2026-09-12 17:14,8383012978138860161-2609121103-8,,RE80,,,2026-09-12 12:25,,0,,,live
2026-09-12 17:14,2428166775401272375-2609121013-15,,RE3,,,2026-09-12 12:28,,0,11,,live
2026-09-12 17:14,428699380039786739-2609120723-8,,,,,2026-09-12 12:52,,0,12,,live
2026-09-12 17:14,-4832530349883608553-2609121153-9,,RB71,,,2026-09-12 12:46,,0,,,live
2026-09-12 17:14,63634424795789903-2609121133-6,,RE4,,,2026-09-12 12:48,,0,,,live
2026-09-12 17:14,1481156860021844134-2609121216-7,,RB81,,,2026-09-12 12:50,,0,,,live
2026-09-12 17:14,5368624065780683257-2609121137-8,,RE70,,,2026-09-12 13:06,,0,,,live
2026-09-12 17:14,1243639550107319833-2609121134-10,,RE8,,,2026-09-12 12:54,,0,,,live
2026-09-12 17:14,-8003392339101483857-2609120707-10,,,,,2026-09-12 13:16,,0,12,,live
2026-09-12 17:14,1656507496924634446-2609121202-11,,RB61,,,2026-09-12 13:10,,0,,,live
2026-09-12 17:14,1170763571226731300-2609121200-7,,RE3,,,2026-09-12 13:06,,0,,,live
2026-09-12 17:14,-8636832709416990866-2609120901-10,,20,,,2026-09-12 13:09,,0,,,live
2026-09-12 17:14,-2236082770520034141-2609120822-7,,,,,2026-09-12 13:25,,0,,,live
2026-09-12 17:14,-3316077366275075692-2609120516-16,,,,,2026-09-12 13:30,,0,11,,live
2026-09-12 17:14,1973767056310355027-2609121113-14,,RE3,,,2026-09-12 13:29,,0,12A-B,,live
2026-09-12 17:14,3730194782886715569-2609121235-9,,RB81,,,2026-09-12 13:18,,0,,,live
2026-09-12 17:14,-2053455840597925551-2609121117-11,,RE7,,,2026-09-12 13:20,,0,,,live
2026-09-12 17:14,-2125895193974483860-2609121205-8,,RE7,,,2026-09-12 13:20,,0,,,live
2026-09-12 17:14,1385030413064063779-2609121203-8,,RE80,,,2026-09-12 13:25,,0,,,live
2026-09-12 17:14,7077598883490130568-2609120646-12,,,,,2026-09-12 13:37,,0,,,live
2026-09-12 17:14,1671051126202486422-2609121253-9,,RB71,,,2026-09-12 13:41,,0,,,live
2026-09-12 17:14,1368141755022019604-2609121233-6,,RE4,,,2026-09-12 13:47,,0,,,live
2026-09-12 17:14,-6830790016000204290-2609121316-7,,RB81,,,2026-09-12 13:49,,0,,,live
2026-09-12 17:14,496656278151264987-2609121237-8,,RE70,,,2026-09-12 14:01,,0,11D-F,,live
2026-09-12 17:14,2790068655146168328-2609121234-10,,RE8,,,2026-09-12 13:54,,0,,,live
2026-09-12 17:14,-4151394777712103696-2609120805-11,,,,,2026-09-12 13:57,,0,12,,live
2026-09-12 17:14,6578135918072112140-2609121302-11,,RB61,,,2026-09-12 14:12,,1,,,live
2026-09-12 17:14,5940191387125685157-2609121208-5,,,,,2026-09-12 14:37,,0,13,,live
2026-09-12 17:14,67517114520381301-2609120533-16,,,,,2026-09-12 14:13,,0,12,,live
2026-09-12 17:14,-9020387200604849828-2609121335-9,,RB81,,,2026-09-12 14:19,,0,,,live
2026-09-12 17:14,4370625077848889642-2609120615-11,,10,,,2026-09-12 14:45,,0,7A-D,,live
2026-09-12 17:14,-7614266119749148509-2609121222-11,,RE7,,,2026-09-12 14:30,,0,,,live
2026-09-12 17:14,-1170383355919601488-2609121305-8,,RE7,,,2026-09-12 14:30,,0,,,live
2026-09-12 17:14,-1885299607346709500-2609120831-10,,,,,2026-09-12 14:30,,0,8,,live
2026-09-12 17:14,-1229834549410285279-2609121303-8,,RE80,,,2026-09-12 14:25,,0,,,live
2026-09-12 17:14,-5874942282885801266-2609121203-13,,RE3,,,2026-09-12 14:34,,0,,,live
2026-09-12 17:14,-2019839073025463546-2609121353-9,,RB71,,,2026-09-12 14:52,,0,,,live
2026-09-12 17:14,-7464145250026418942-2609121333-6,,RE4,,,2026-09-12 14:50,,0,11A-C,,live
2026-09-12 17:14,-1418573917290258550-2609121416-7,,RB81,,,2026-09-12 14:52,,0,,,live
2026-09-12 17:14,-4211027881444132736-2609121337-8,,RE70,,,2026-09-12 14:59,,0,,,live
2026-09-12 17:14,-4241531394840947764-2609121334-10,,RE8,,,2026-09-12 14:55,,0,,,live
2026-09-12 17:14,-1910373995647170721-2609120617-3,,,,2026-09-12 06:30,2026-09-12 06:40,10,0,,,live
2026-09-12 17:14,6826369486697069068-2609120653-2,,,,2026-09-12 06:57,2026-09-12 06:59,2,0,,,live
2026-09-12 17:14,-1039266865788575878-2609120731-100,,,,2026-09-12 08:59,2026-09-12 09:03,4,0,,,live
2026-09-12 17:14,1232893202459009550-2609120757-4,,10,,2026-09-12 10:21,2026-09-12 12:59,158,0,,,live
2026-09-12 17:14,4601770910097207813-2609120537-11,,,,2026-09-12 11:24,2026-09-12 11:38,14,0,8,,live
2026-09-12 17:14,-8909059200116756821-2609121008-20,,RE1,,2026-09-12 12:38,2026-09-12 13:32,,1,,,live
2026-09-12 17:14,-2645556955831091374-2609121119-3,,,,2026-09-12 12:39,2026-09-12 12:52,13,0,12,,live
2026-09-12 17:14,3950731673291584387-2609120854-9,,,,2026-09-12 12:49,2026-09-12 13:42,53,0,,,live
2026-09-12 17:14,8539796270360188013-2609120707-10,,,,2026-09-12 12:57,2026-09-12 13:16,19,0,12,,live
2026-09-12 17:14,-5894767788106580379-2609120649-11,,,,2026-09-12 13:24,2026-09-12 13:51,27,0,7,,live
2026-09-12 17:14,3112945034824684661-2609120649-11,,,,2026-09-12 13:24,2026-09-12 13:51,27,0,7,,live
2026-09-12 17:14,-1931865637326654156-2609121306-5,,RE1,,2026-09-12 13:38,2026-09-12 14:41,63,0,8,,live
2026-09-12 17:14,-5345756847556552176-2609121300-7,,RE3,,2026-09-12 14:05,2026-09-12 14:42,37,0,,,live
2026-09-12 19:27,-3387026704187874513-2609120821-2,,,,,2026-09-12 08:25,,0,,,live
2026-09-12 19:27,2512226212358951491-2609120716-4,,,,,2026-09-12 08:31,,0,,,live
2026-09-12 19:27,-4602427783665327588-2609120726-3,,,,,2026-09-12 07:38,,0,,,live
2026-09-12 19:27,6700288758807829180-2609120953-2,,,,,2026-09-12 10:00,,0,13,,live
2026-09-12 19:27,7517605630292767265-2609121053-2,,,,,2026-09-12 11:00,,0,,,live
2026-09-12 19:27,-8840483483231584537-2609121055-2,,,,,2026-09-12 11:09,,0,,,live
2026-09-12 19:27,2082653246441066227-2609120740-9,,,,,2026-09-12 11:51,,0,,,live
2026-09-12 19:27,-2954831050481127767-2609121336-2,,,,,2026-09-12 13:54,,0,,,live
2026-09-12 19:27,-1618433914809757000-2609120923-8,,,,,2026-09-12 14:40,,0,,,live
2026-09-12 19:27,9052858960919066097-2609120912-10,,,,,2026-09-12 15:13,,0,,,live
2026-09-12 19:27,7226977113444121927-2609121402-11,,RB61,,,2026-09-12 15:08,,0,,,live
2026-09-12 19:27,-5599998702057193678-2609121400-7,,RE3,,,2026-09-12 15:11,,0,,,live
2026-09-12 19:27,-508151058757607646-2609120716-17,,,,,2026-09-12 15:29,,0,,,live
2026-09-12 19:27,2228017092216421635-2609121435-9,,RB81,,,2026-09-12 15:19,,0,,,live
2026-09-12 19:27,-4826673439027047350-2609121405-8,,RE7,,,2026-09-12 15:24,,0,,,live
2026-09-12 19:27,-8115007961234754659-2609121317-11,,RE7,,,2026-09-12 15:24,,0,,,live
2026-09-12 19:27,-3299300215104137566-2609120849-11,,,,,2026-09-12 15:49,,0,,,live
2026-09-12 19:27,-8531428182528539509-2609121403-8,,RE80,,,2026-09-12 15:26,,0,,,live
2026-09-12 19:27,4938042727373993356-2609121313-15,,RE3,,,2026-09-12 15:39,,0,,,live
2026-09-12 19:27,-8928814972859994512-2609120846-12,,,,,2026-09-12 15:59,,0,,,live
2026-09-12 19:27,8382636079350254225-2609121453-9,,RB71,,,2026-09-12 15:43,,0,12C-F,,live
2026-09-12 19:27,7839939373967476089-2609121433-6,,RE4,,,2026-09-12 16:06,,0,13A-C,,live
2026-09-12 19:27,-3422739654119885417-2609121516-7,,RB81,,,2026-09-12 15:48,,0,,,live
2026-09-12 19:27,-1872892276374220322-2609121437-8,,RE70,,,2026-09-12 15:49,,0,,,live
2026-09-12 19:27,-2446850498330316768-2609121434-10,,RE8,,,2026-09-12 15:54,,0,,,live
2026-09-12 19:27,-561569379985084080-2609121012-11,,,,,2026-09-12 16:02,,0,12,,live
2026-09-12 19:27,-9054066435275015678-2609121500-7,,RE3,,,2026-09-12 16:09,,0,11A-C,,live
2026-09-12 19:27,9218312428552671141-2609121502-11,,RB61,,,2026-09-12 16:12,,0,,,live
2026-09-12 19:27,-4555569034509598317-2609121409-5,,,,,2026-09-12 16:14,,0,,,live
2026-09-12 19:27,-7184453857839759572-2609120728-16,,,,,2026-09-12 16:17,,0,,,live
2026-09-12 19:27,-4069291697784823093-2609121535-9,,RB81,,,2026-09-12 16:19,,0,,,live
2026-09-12 19:27,-5330316903894753270-2609120814-11,,10,,,2026-09-12 16:24,,0,5,,live
2026-09-12 19:27,4524345277180079514-2609121417-11,,RE7,,,2026-09-12 16:24,,0,,,live
2026-09-12 19:27,2674933742995769983-2609121505-8,,RE7,,,2026-09-12 16:24,,0,,,live
2026-09-12 19:27,-3529659849401360401-2609121503-8,,RE80,,,2026-09-12 16:25,,0,6,,live
2026-09-12 19:27,5294570055348083618-2609121408-20,,RE1,,,2026-09-12 16:47,,0,,,live
2026-09-12 19:27,-6038076520182518237-2609121553-9,,RB71,,,2026-09-12 16:41,,1,,,live
2026-09-12 19:27,-3791061785274282598-2609121533-6,,RE4,,,2026-09-12 16:47,,0,,,live
2026-09-12 19:27,-7698711103205390966-2609121616-7,,RB81,,,2026-09-12 16:50,,0,,,live
2026-09-12 19:27,6556339575728025668-2609121537-8,,RE70,,,2026-09-12 16:51,,0,,,live
2026-09-12 19:27,6103550859959519263-2609121534-10,,RE8,,,2026-09-12 16:53,,0,,,live
2026-09-12 19:27,-5846435217397947137-2609120953-2,,,,2026-09-12 09:57,2026-09-12 10:00,3,0,13,,live
2026-09-12 19:27,4250821308365947570-2609120528-11,,,,2026-09-12 13:49,2026-09-12 15:06,77,0,12,,live
2026-09-12 19:27,-7676591997781413630-2609121208-20,,RE1,,2026-09-12 14:38,2026-09-12 15:09,31,0,,,live
2026-09-12 19:27,146034694200224603-2609120923-8,,,,2026-09-12 14:40,2026-09-12 14:40,0,0,,,live
2026-09-12 19:27,5446676395577831400-2609120912-10,,,,2026-09-12 14:57,2026-09-12 15:13,16,0,,,live
2026-09-12 19:27,447938119982214821-2609120849-11,,,,2026-09-12 15:24,2026-09-12 15:49,25,0,,,live
2026-09-12 19:27,6310199777367922644-2609121506-5,,RE1,,2026-09-12 15:38,2026-09-12 16:35,57,0,,,live
2026-09-12 19:27,-8386336934533711188-2609120728-13,,,,2026-09-12 15:49,2026-09-12 16:39,50,0,,,live
2026-09-12 21:35,5159579159358071308-2609122316-7,,RB81,,,2026-09-12 23:48,,0,6D-F,,live
2026-09-12 21:35,-5703640496454004355-2609120825-3,,,,,2026-09-12 08:38,,0,,,live
2026-09-12 21:35,-3500545049874534285-2609120626-3,,,,,2026-09-12 06:42,,0,,,live
2026-09-12 21:35,-9013027983394594721-2609120916-2,,,,,2026-09-12 09:34,,0,7,,live
2026-09-12 21:35,-2493614975310952822-2609130105-10,,RE7,,,2026-09-13 02:24,,0,,,live
2026-09-12 21:35,-8471873024121272354-2609120926-3,,,,,2026-09-12 09:42,,0,12,,live
2026-09-12 21:35,-3907081244664964516-2609121021-2,,,,,2026-09-12 10:25,,0,13,,live
2026-09-12 21:35,5186490163197231839-2609121018-3,,,,,2026-09-12 10:31,,0,,,live
2026-09-12 21:35,6610086332469437335-2609121026-3,,,,,2026-09-12 10:38,,0,,,live
2026-09-12 21:35,-2627319502414886509-2609121016-3,,,,,2026-09-12 11:48,,0,,,live
2026-09-12 21:35,849739818486357405-2609120622-9,,,,,2026-09-12 12:00,,0,,,live
2026-09-12 21:35,5653087570567167872-2609121126-3,,,,,2026-09-12 11:38,,0,,,live
2026-09-12 21:35,-1151057268452720658-2609121137-2,,,,,2026-09-12 11:58,,0,,,live
2026-09-12 21:35,3397100192751969577-2609121153-2,,,,,2026-09-12 12:10,,0,,,live
2026-09-12 21:35,-1497213994658544450-2609121154-2,,,,,2026-09-12 12:13,,0,12,,live
2026-09-12 21:35,-3131052602046952620-2609120631-10,,,,,2026-09-12 12:24,,0,,,live
2026-09-12 21:35,1107401163985695681-2609121221-2,,,,,2026-09-12 12:28,,0,,,live
2026-09-12 21:35,8117886911530298430-2609121218-3,,,,,2026-09-12 12:39,,0,,,live
2026-09-12 21:35,-762086226758254325-2609121226-3,,,,,2026-09-12 12:43,,0,,,live
2026-09-12 21:35,8340509307702956999-2609130614-6,,,,,2026-09-13 09:27,,0,,,live
2026-09-12 21:35,-5040855886902453859-2609121528-16,,,,,2026-09-13 00:15,,0,,,live
2026-09-12 21:35,-7058442198521206872-2609121836-12,,,,,2026-09-13 08:38,,0,,,live
2026-09-12 21:35,-4818102182269436190-2609121646-11,,,,,2026-09-12 23:46,,0,,,live
2026-09-12 21:35,-8677182982400525824-2609122030-13,,,,,2026-09-13 08:38,,0,,,live
2026-09-12 21:35,-3516612710550469561-2609121253-2,,,,,2026-09-12 13:03,,0,12,,live
2026-09-12 21:35,705193835817191755-2609121216-3,,,,,2026-09-12 13:27,,0,,,live
2026-09-12 21:35,5646701767039716240-2609121317-2,,,,,2026-09-12 13:33,,0,,,live
2026-09-12 21:35,-2910589038648014094-2609121326-3,,,,,2026-09-12 13:38,,0,,,live
2026-09-12 21:35,-4746601975893891304-2609120851-11,,,,,2026-09-12 13:45,,0,11,,live
2026-09-12 21:35,-266204046597736577-2609121353-2,,,,,2026-09-12 14:05,,0,,,live
2026-09-12 21:35,-3692955521338963828-2609121055-6,,,,,2026-09-12 14:10,,1,,,live
2026-09-12 21:35,-8215575323288146568-2609121421-2,,,,,2026-09-12 14:25,,0,13,,live
2026-09-12 21:35,-4503530441970809798-2609121418-3,,,,,2026-09-12 14:49,,0,7,,live
2026-09-12 21:35,-7956047615718350819-2609121426-3,,,,,2026-09-12 14:38,,0,14,,live
2026-09-12 21:35,5612476870594813183-2609121453-2,,,,,2026-09-12 15:05,,0,,,live
2026-09-12 21:35,6183313586347354073-2609121455-2,,,,,2026-09-12 15:11,,0,,,live
2026-09-12 21:35,3366099886625871029-2609121416-3,,,,,2026-09-12 15:27,,0,,,live
2026-09-12 21:35,-1594677098900319220-2609121022-8,,,,,2026-09-12 16:00,,0,,,live
2026-09-12 21:35,-5425302918995479956-2609121526-3,,,,,2026-09-12 15:38,,0,13,,live
2026-09-12 21:35,8290912034684684315-2609121536-2,,,,,2026-09-12 15:46,,0,,,live
2026-09-12 21:35,-8941932149309778658-2609121923-9,,,,,2026-09-13 02:11,,0,,,live
2026-09-12 21:35,-1290839640796586839-2609121811-10,,,,,2026-09-13 00:22,,0,,,live
2026-09-12 21:35,3655846017428359643-2609122234-10,,RB31,,,2026-09-12 23:20,,0,,,live
2026-09-12 21:35,6463598732574589906-2609121710-5,,,,,2026-09-13 08:10,,0,,,live
2026-09-12 21:35,-1592057700459732081-2609130517-3,,,,,,,1,,,live
2026-09-12 21:35,-4550435493069381661-2609122300-13,,RB31,,,2026-09-13 00:20,,0,,,live
2026-09-12 21:35,1003446772902483359-2609122059-17,,,,,2026-09-13 07:59,,0,,,live
2026-09-12 21:35,-7193636000516531658-2609122200-7,,RE3,,,2026-09-12 23:10,,0,,,live
2026-09-12 21:35,-5591597380485360579-2609122059-17,,,,,2026-09-13 07:59,,0,,,live
2026-09-12 21:35,-8566953819069085350-2609122157-15,,RB41,,,2026-09-12 23:29,,0,11,,live
2026-09-12 21:35,-5610966871480323789-2609122312-15,,RB41,,,2026-09-13 00:59,,0,,,live
2026-09-12 21:35,-988583344704703688-2609121553-2,,,,,2026-09-12 15:59,,0,,,live
2026-09-12 21:35,2312296716933966404-2609121554-2,,,,,2026-09-12 16:09,,0,,,live
2026-09-12 21:35,5018129031528756061-2609121031-10,,,,,2026-09-12 16:39,,0,,,live
2026-09-12 21:35,3445083957053622931-2609121621-2,,,,,2026-09-12 16:28,,0,,,live
2026-09-12 21:35,-7621712260142359390-2609121618-3,,,,,2026-09-12 16:33,,0,,,live
2026-09-12 21:35,-6235789055676348186-2609121626-3,,,,,2026-09-12 16:38,,0,,,live
2026-09-12 21:35,-4903045561539693758-2609121653-2,,,,,2026-09-12 16:57,,0,,,live
2026-09-12 21:35,1578146657653699899-2609121112-10,,,,,2026-09-12 17:03,,0,,,live
2026-09-12 21:35,-4785189941150615406-2609121602-11,,RB61,,,2026-09-12 17:05,,0,,,live
2026-09-12 21:35,5847648822533792755-2609121600-7,,RE3,,,2026-09-12 17:21,,0,,,live
2026-09-12 21:35,-1022053095410673294-2609121222-7,,,,,2026-09-12 17:16,,0,,,live
2026-09-12 21:35,-7953571156990560915-2609121635-9,,RB81,,,2026-09-12 17:20,,0,,,live
2026-09-12 21:35,2028916425846017892-2609121605-9,,RE7,,,2026-09-12 17:38,,0,,,live
2026-09-12 21:35,-3188431469960858092-2609121517-12,,RE7,,,2026-09-12 17:38,,0,,,live
2026-09-12 21:35,-5981141401498695982-2609121048-11,,,,,2026-09-12 17:24,,0,,,live
2026-09-12 21:35,6776863653849352163-2609121603-8,,RE80,,,2026-09-12 17:25,,0,,,live
2026-09-12 21:35,-7911985963316050659-2609121718-2,,,,,2026-09-12 17:42,,0,5,,live
2026-09-12 21:35,6407795434365923900-2609121609-14,,RE1,,,2026-09-12 17:48,,0,,,live
2026-09-12 21:35,6194893901306646476-2609121726-3,,,,,2026-09-12 17:48,,0,,,live
2026-09-12 21:35,8929512695746408772-2609121653-9,,RB71,,,2026-09-12 17:56,,0,,,live
2026-09-12 21:35,-5078598503242403170-2609121633-6,,RE4,,,2026-09-12 17:48,,0,,,live
2026-09-12 21:35,3027779636165716798-2609121436-6,,,,,,,1,,,live
2026-09-12 21:35,-6742916762499933092-2609121716-7,,RB81,,,2026-09-12 17:56,,0,,,live
2026-09-12 21:35,-1540995538453723069-2609121637-8,,RE70,,,2026-09-12 18:00,,0,,,live
2026-09-12 21:35,6965977597588668560-2609121634-10,,RE8,,,2026-09-12 17:59,,0,,,live
2026-09-12 21:35,-7714364757423921343-2609121206-11,,,,,2026-09-12 18:21,,0,11,,live
2026-09-12 21:35,573841601175746681-2609122205-11,,RE7,,,2026-09-12 23:40,,0,,,live
2026-09-12 21:35,-8493433741928369285-2609130101-13,,RB31,,,2026-09-13 02:20,,0,,,live
2026-09-12 21:35,442161405481707538-2609122119-14,,RE7,,,2026-09-12 23:40,,0,,,live
2026-09-12 21:35,4760651137475633059-2609122358-13,,RB31,,,2026-09-13 01:09,,0,,,live
2026-09-12 21:35,9095766634084152066-2609130015-15,,RB41,,,2026-09-13 01:44,,0,,,live
2026-09-12 21:35,-4040939006420560852-2609130114-15,,RB41,,,2026-09-13 02:43,,0,,,live
2026-09-12 21:35,-5487531873915021544-2609121753-2,,,,,2026-09-12 18:07,,0,12,,live
2026-09-12 21:35,7679942365398287951-2609121702-11,,RB61,,,2026-09-12 18:12,,0,,,live
2026-09-12 21:35,-4382352578512903050-2609121700-7,,RE3,,,2026-09-12 18:20,,0,,,live
2026-09-12 21:35,-3983398794259337464-2609120820-20,,,,,2026-09-12 18:34,,0,7,,live
2026-09-12 21:35,9011011619156863439-2609120928-16,,,,,2026-09-12 18:33,,0,12,,live
2026-09-12 21:35,-1801168499836799587-2609121735-9,,RB81,,,2026-09-12 18:18,,0,,,live
2026-09-12 21:35,7983265410354562836-2609120844-14,,10,,,2026-09-12 18:14,,0,5,,live
2026-09-12 21:35,-3143394660947009224-2609121705-9,,RE7,,,2026-09-12 18:23,,0,13D-F,,live
2026-09-12 21:35,3210025791970963021-2609121617-12,,RE7,,,2026-09-12 18:23,,0,13D-F,,live
2026-09-12 21:35,-9037832068606268014-2609121703-8,,RE80,,,2026-09-12 18:24,,0,,,live
2026-09-12 21:35,-8987211390072106276-2609121231-10,,,,,2026-09-12 18:42,,0,,,live
2026-09-12 21:35,-6439185077160185089-2609121821-2,,,,,2026-09-12 18:37,,0,,,live
2026-09-12 21:35,8176182407586879684-2609121818-3,,,,,2026-09-12 18:33,,0,5,,live
2026-09-12 21:35,6810614476303646777-2609121826-3,,,,,2026-09-12 18:43,,0,,,live
2026-09-12 21:35,-2843829057041584062-2609121323-9,,,,,2026-09-12 19:08,,0,,,live
2026-09-12 21:35,-6660596252710225389-2609121608-20,,RE1,,,2026-09-12 18:47,,0,,,live
2026-09-12 21:35,-437127119749809605-2609121753-9,,RB71,,,2026-09-12 18:46,,0,,,live
2026-09-12 21:35,-9085290573223992650-2609121733-6,,RE4,,,2026-09-12 19:08,,0,,,live
2026-09-12 21:35,-168947615118543906-2609121816-7,,RB81,,,2026-09-12 18:48,,0,,,live
2026-09-12 21:35,6593321700898874670-2609121516-9,,,,,2026-09-12 18:53,,0,,,live
2026-09-12 21:35,-3033115216451536190-2609121737-8,,RE70,,,2026-09-12 18:54,,0,,,live
2026-09-12 21:35,-726710747635687293-2609121734-10,,RE8,,,2026-09-12 18:53,,0,,,live
2026-09-12 21:35,-524151628723159576-2609121853-2,,,,,2026-09-12 18:59,,0,,,live
2026-09-12 21:35,-5985747340714934197-2609121422-7,,,,,2026-09-12 19:27,,0,11,,live
2026-09-12 21:35,3287944090513843782-2609121800-7,,RE3,,,2026-09-12 19:13,,0,14,,live
2026-09-12 21:35,-1767512675361602407-2609121501-10,,20,,,2026-09-12 19:15,,0,11,,live
2026-09-12 21:35,3468951915484586958-2609121802-11,,RB61,,,2026-09-12 19:05,,0,,,live
2026-09-12 21:35,7702481692019596064-2609120838-20,,,,,2026-09-12 19:19,,0,,,live
2026-09-12 21:35,-3084196800500940002-2609121835-9,,RB81,,,2026-09-12 19:18,,0,,,live
2026-09-12 21:35,-217182095076231910-2609121805-9,,RE7,,,2026-09-12 19:30,,0,,,live
2026-09-12 21:35,-8983882588452863360-2609121717-12,,RE7,,,2026-09-12 19:30,,0,,,live
2026-09-12 21:35,7476587698180129932-2609121803-8,,RE80,,,2026-09-12 19:26,,0,,,live
2026-09-12 21:35,7295872794936909964-2609121918-2,,,,,2026-09-12 19:35,,0,,,live
2026-09-12 21:35,5926473462606976417-2609121926-3,,,,,2026-09-12 19:41,,0,,,live
2026-09-12 21:35,-3778844006974621580-2609121906-5,,RE1,,,2026-09-12 19:41,,0,,,live
2026-09-12 21:35,1969652039886200745-2609121853-9,,RB71,,,2026-09-12 19:44,,0,,,live
2026-09-12 21:35,-8626241792514986920-2609121833-6,,RE4,,,2026-09-12 19:46,,0,,,live
2026-09-12 21:35,-8196009632544207530-2609121936-2,,,,,2026-09-12 19:48,,0,,,live
2026-09-12 21:35,1987212636059922431-2609121916-7,,RB81,,,2026-09-12 19:48,,0,,,live
2026-09-12 21:35,2992892244540391539-2609121837-8,,RE70,,,2026-09-12 19:52,,0,,,live
2026-09-12 21:35,616463185832256372-2609121834-10,,RE8,,,2026-09-12 19:55,,0,,,live
2026-09-12 21:35,-1261071308251314263-2609121406-11,,,,,2026-09-12 20:12,,0,8,,live
2026-09-12 21:35,7356141276946838163-2609122334-10,,RE8,,,2026-09-13 00:53,,0,,,live
2026-09-12 21:35,-8838656926973727934-2609130314-15,,RB41,,,2026-09-13 04:44,,0,,,live
2026-09-12 21:35,5084834081299892186-2609122335-9,,RB81,,,2026-09-13 00:18,,0,,,live
2026-09-12 21:35,8189707621727874292-2609130446-13,,,,,2026-09-13 11:38,,0,,,live
2026-09-12 21:35,8209469800275406026-2609122252-11,,,,,2026-09-13 07:39,,0,,,live
2026-09-12 21:35,-2910589038648014094-2609131326-3,,,,,2026-09-13 13:38,,0,,,live
2026-09-12 21:35,7520125997993794734-2609131555-4,,10,,,,,1,,,live
2026-09-12 21:35,-2945228110839020686-2609122209-14,,RE1,,,2026-09-12 23:37,,0,,,live
2026-09-12 21:35,3039826787542326923-2609122209-5,,,,,2026-09-13 00:20,,0,,,live
2026-09-12 21:35,1974750696360792221-2609130301-13,,RB31,,,2026-09-13 04:20,,0,,,live
2026-09-12 21:35,-5438102898558279853-2609122235-9,,RB81,,,2026-09-12 23:18,,0,6D-F,,live
2026-09-12 21:35,2686007473625185344-2609130001-21,,,,,2026-09-13 10:15,,0,,,live
2026-09-12 21:35,5555371111259384160-2609130759-17,,,,,2026-09-13 17:15,,0,,,live
2026-09-12 21:35,-6390791729794342496-2609130234-10,,RB31,,,2026-09-13 03:20,,0,,,live
2026-09-12 21:35,-8060825124218528893-2609122237-6,,RE80,,,2026-09-12 23:26,,0,,,live
2026-09-12 21:35,-6748942984235284913-2609122208-20,,RE1,,,2026-09-13 00:38,,0,,,live
2026-09-12 21:35,4222817464971087397-2609122305-11,,RE7,,,2026-09-13 00:24,,0,,,live
2026-09-12 21:35,5575186578699553736-2609130000-7,,RB81,,,2026-09-13 00:31,,0,,,live
2026-09-12 21:35,-3171428142048177713-2609130511-10,,,,,2026-09-13 10:57,,0,,,live
2026-09-12 21:35,3370285438001482281-2609122234-10,,RE8,,,2026-09-12 23:53,,0,6A-C,,live
2026-09-12 21:35,-7184453857839759572-2609130728-16,,,,,2026-09-13 16:15,,0,,,live
2026-09-12 21:35,2082653246441066227-2609130740-9,,,,,,,1,,,live
2026-09-12 21:35,3859428609556967600-2609130305-7,,RB41,,,2026-09-13 03:44,,0,,,live
2026-09-12 21:35,8503777394879306018-2609122323-17,,,,,2026-09-13 06:52,,0,,,live
2026-09-12 21:35,-6711307188089838742-2609130005-11,,RE7,,,2026-09-13 01:31,,0,,,live
2026-09-12 21:35,-94874149339089986-2609120904-2,,,,2026-09-12 09:15,2026-09-12 09:16,1,0,,,live
2026-09-12 21:35,6330890959881575446-2609120953-6,,,,2026-09-12 13:06,2026-09-12 14:06,,1,,,live
2026-09-12 21:35,-1411920686821013147-2609121418-3,,,,2026-09-12 14:31,2026-09-12 14:49,18,0,7,,live
2026-09-12 21:35,-6012005053401607387-2609121123-8,,,,2026-09-12 16:39,2026-09-12 17:18,39,0,,,live
2026-09-12 21:35,-1480145095773587552-2609121112-10,,,,2026-09-12 16:57,2026-09-12 17:03,6,0,,,live
2026-09-12 21:35,506977379099688294-2609121653-2,,,,2026-09-12 16:57,2026-09-12 16:57,0,0,,,live
2026-09-12 21:35,8262134096716058006-2609121353-6,,,,2026-09-12 17:06,2026-09-12 17:13,7,0,,,live
2026-09-12 21:35,5555371111259384160-2609120759-17,,,,2026-09-12 17:15,2026-09-12 17:43,28,0,,,live
2026-09-12 21:35,3457443120563044576-2609121616-3,,,,2026-09-12 17:25,2026-09-12 17:25,0,0,11,,live
2026-09-12 21:35,6059158982313339065-2609121616-3,,,,2026-09-12 17:25,2026-09-12 17:25,0,0,11,,live
2026-09-12 21:35,8088226351077928869-2609121046-12,,,,2026-09-12 17:35,2026-09-12 18:16,41,0,,,live
2026-09-12 21:35,-5667675535304192071-2609121804-2,,,,2026-09-12 18:07,2026-09-12 18:19,12,0,,,live
2026-09-12 21:35,-7207681302375577122-2609121818-3,,,,2026-09-12 18:31,2026-09-12 18:33,2,0,5,,live
2026-09-12 21:35,-5855772776966453090-2609121853-2,,,,2026-09-12 18:57,2026-09-12 18:59,2,0,,,live
2026-09-12 21:35,-667854438862135023-2609121248-11,,,,2026-09-12 19:25,2026-09-12 19:56,31,0,8,,live
2026-09-12 21:35,387110255594909239-2609121816-3,,,,2026-09-12 19:25,2026-09-12 20:26,61,0,,,live
2026-09-12 21:35,776874307993202871-2609121246-12,,,,2026-09-12 19:38,2026-09-12 20:14,36,0,,,live
2026-09-12 21:35,-3282563733866767201-2609121406-11,,,,2026-09-12 19:57,2026-09-12 20:12,15,0,8,,live
2026-09-12 21:35,-1776648406059141505-2609121902-11,NBE,RB61,75531,2026-09-12 20:01,2026-09-12 20:02,1,0,13D-F,Itzehoe,live
2026-09-12 21:35,8817258909479770029-2609121900-7,ME,RE3,82134,2026-09-12 20:05,2026-09-12 20:05,0,0,13A-C,Uelzen,live
2026-09-12 21:35,-8018116824080471880-2609121955-3,NJ,,493,2026-09-12 20:07,2026-09-12 20:11,4,0,14,Hamburg-Altona,live
2026-09-12 21:35,6992012378128167215-2609121955-3,NJ,,40491,2026-09-12 20:07,2026-09-12 20:11,4,0,14,Hamburg-Altona,live
2026-09-12 21:35,-2953368913560705679-2609121809-5,ICE,,706,2026-09-12 20:10,2026-09-12 20:10,0,0,5,Berlin Hbf,live
2026-09-12 21:35,-6452407069337976676-2609121128-16,ICE,,518,2026-09-12 20:15,2026-09-12 20:20,5,0,8,München Hbf,live
2026-09-12 21:35,-605356019567509609-2609121935-9,RB,RB81,11331,2026-09-12 20:18,2026-09-12 20:18,0,0,6D-F,Bad Oldesloe,live
2026-09-12 21:35,791009188262532597-2609121214-11,FLX,10,1242,2026-09-12 20:21,,,1,8,Stuttgart Hbf,live
2026-09-12 21:35,8552297428684472340-2609121817-12,RE,RE7,11183,2026-09-12 20:22,2026-09-12 20:44,,1,7G-I,Flensburg,live
2026-09-12 21:35,-2491225657618914529-2609121905-9,RE,RE7,11283,2026-09-12 20:22,2026-09-12 20:44,,1,7G-I,Kiel Hbf,live
2026-09-12 21:35,-2635761254150782051-2609120730-21,RJ,,174,2026-09-12 20:25,2026-09-12 20:27,2,0,5,Budapest-Nyugati,live
2026-09-12 21:35,2645432549282329258-2609121903-8,RE,RE80,11483,2026-09-12 20:25,2026-09-12 20:25,0,0,6A-C,Lübeck-Travemünde Strand,live
2026-09-12 21:35,5351133746540780755-2609122021-2,ICE,,79,2026-09-12 20:25,2026-09-12 20:25,,1,14,Hamburg Dammtor,live
2026-09-12 21:35,-1302275594339840200-2609121523-8,ICE,,576,2026-09-12 20:33,2026-09-12 21:06,33,0,11,Stuttgart Hbf,live
2026-09-12 21:35,-4651091680957662997-2609121808-20,RE,RE1,4316,2026-09-12 20:38,2026-09-12 20:38,0,0,7A-D,Rostock Hbf,live
2026-09-12 21:35,-4463983841688751065-2609122026-3,ICE,,209,2026-09-12 20:38,2026-09-12 20:38,0,0,14,Hamburg-Altona,live
2026-09-12 21:35,6630813453323651225-2609121058-23,ICE,,1284,2026-09-12 20:39,2026-09-12 20:40,1,0,11,Schwarzach-St.Veit,live
2026-09-12 21:35,-4721324655961804637-2609121953-9,NBE,RB71,81889,2026-09-12 20:41,2026-09-12 20:41,0,0,13D-F,Wrist,live
2026-09-12 21:35,-657578417068350480-2609121933-6,ME,RE4,82036,2026-09-12 20:45,2026-09-12 20:45,0,0,13A-C,Bremen Hbf,live
2026-09-12 21:35,-1594939601719293815-2609122016-7,RB,RB81,11383,2026-09-12 20:48,2026-09-12 20:49,1,0,6D-F,Bargteheide,live
2026-09-12 21:35,1653769359355988939-2609121937-8,RE,RE70,11233,2026-09-12 20:51,2026-09-12 21:03,12,0,7G-I,Kiel Hbf,live
2026-09-12 21:35,-7189239938680406879-2609121934-10,RE,RE8,11433,2026-09-12 20:53,2026-09-12 20:55,2,0,6A-C,Lübeck-Travemünde Strand,live
2026-09-12 21:35,4560172541036709998-2609121512-10,ICE,,586,2026-09-12 20:57,2026-09-12 20:57,0,0,14,München Hbf,live
2026-09-12 21:35,-5033423880624192770-2609122000-7,ME,RE3,82136,2026-09-12 21:05,2026-09-12 21:10,5,0,11D-F,Uelzen,live
2026-09-12 21:35,-8705107722613527627-2609121059-23,ICE,,106,2026-09-12 21:15,2026-09-12 21:50,35,0,8,Interlaken Ost,live
2026-09-12 21:35,-4684127518317498007-2609122035-9,RB,RB81,11333,2026-09-12 21:18,2026-09-12 21:18,0,0,6D-F,Bad Oldesloe,live
2026-09-12 21:35,-1621849622641880552-2609122034-10,ME,RB31,81636,2026-09-12 21:20,2026-09-12 21:33,13,0,11D-F,Lüneburg,live
2026-09-12 21:35,-1588936129122896413-2609121448-11,ICE,,504,2026-09-12 21:24,2026-09-12 21:58,34,0,5,München Hbf,live
2026-09-12 21:35,-4879849040188302917-2609121448-11,,,,2026-09-12 21:24,2026-09-12 22:14,50,0,,,live
2026-09-12 21:35,-4925631668679901084-2609122121-2,ICE,,1687,2026-09-12 21:25,2026-09-12 21:25,0,0,14,Hamburg Dammtor,live
2026-09-12 21:35,8620543286702518895-2609121957-15,ME,RB41,81936,2026-09-12 21:25,2026-09-12 21:26,1,0,13A-C,Bremen Hbf,live
2026-09-12 21:35,-8500408149107539393-2609122003-8,RE,RE80,11485,2026-09-12 21:25,2026-09-12 21:25,0,0,6A-C,Lübeck-Travemünde Strand,live
2026-09-12 21:35,-108944886729966672-2609122121-2,,,,2026-09-12 21:25,2026-09-12 21:25,0,0,,,live
2026-09-12 21:35,-8243134940294726177-2609121446-12,ECE,,4,2026-09-12 21:35,2026-09-12 22:03,28,0,11,Basel SBB,live
2026-09-12 21:35,70044218551691992-2609122009-14,RE,RE1,3972,2026-09-12 21:37,2026-09-12 21:40,3,0,7A-D,Schwerin Hbf,live
2026-09-12 21:35,-7092677900906309611-2609122033-6,ME,RE4,82038,2026-09-12 21:45,2026-09-12 21:54,9,0,13A-C,Bremen Hbf,live
2026-09-12 21:35,-2167438544370822717-2609122136-2,ICE,,809,2026-09-12 21:47,2026-09-12 21:59,12,0,5,Hamburg-Altona,live
2026-09-12 21:35,-7989621655338553543-2609122116-7,RB,RB81,11385,2026-09-12 21:48,2026-09-12 21:54,6,0,6D-F,Bargteheide,live
2026-09-12 21:35,2125648005524986325-2609122037-8,RE,RE70,11235,2026-09-12 21:51,2026-09-12 22:13,22,0,7G-I,Kiel Hbf,live
2026-09-12 21:35,-8541225441126762699-2609122034-10,RE,RE8,11435,2026-09-12 21:53,2026-09-12 21:58,5,0,6A-C,Lübeck-Travemünde Strand,live
2026-09-12 21:35,8752482116785104842-2609120910-12,IC,,307,2026-09-12 21:57,2026-09-12 22:02,5,0,12C-F,Stockholm Central,live
2026-09-12 21:35,5818020606803679032-2609121606-11,ICE,,784,2026-09-12 21:57,2026-09-12 22:11,14,0,8,München Hbf,live
2026-09-12 21:35,5934575629537714195-2609122100-7,ME,RE3,82138,2026-09-12 22:05,2026-09-12 22:06,1,0,11,Uelzen,live
2026-09-12 21:35,5489382238418385337-2609122156-3,IC,,60471,2026-09-12 22:07,2026-09-12 22:07,0,0,14,Hamburg-Altona,live
2026-09-12 21:35,-521217330813819261-2609122156-3,NJ,,471,2026-09-12 22:07,2026-09-12 22:07,0,0,14,Hamburg-Altona,live
2026-09-12 21:35,-4485210929310056893-2609121626-11,ICE,,90,2026-09-12 22:10,2026-09-12 22:37,27,0,5,Nürnberg Hbf,live
2026-09-12 21:35,6954924236955692259-2609121328-16,ICE,,516,2026-09-12 22:15,2026-09-12 23:25,70,0,12,München Hbf,live
2026-09-12 21:35,5318762053619111542-2609122135-9,RB,RB81,11335,2026-09-12 22:18,2026-09-12 22:18,0,0,6D-F,Bad Oldesloe,live
2026-09-12 21:35,-8573984535168492837-2609122134-10,ME,RB31,81638,2026-09-12 22:20,2026-09-12 22:33,13,0,11D-F,Lüneburg,live
2026-09-12 21:35,-4980506932980029357-2609121631-10,RJ,,172,2026-09-12 22:24,2026-09-12 22:45,21,0,13,Praha hl.n.,live
2026-09-12 21:35,-2991242414688689415-2609122058-15,ME,RB41,81938,2026-09-12 22:25,2026-09-12 22:36,11,0,11A-C,Bremen Hbf,live
2026-09-12 21:35,-6004858853457181289-2609122137-6,RE,RE80,11487,2026-09-12 22:25,2026-09-12 22:25,0,0,6A-C,Lübeck Hbf,live
2026-09-12 21:35,7597089806492032299-2609122220-2,ICE,,1081,2026-09-12 22:25,2026-09-12 22:25,0,0,14,Hamburg Dammtor,live
2026-09-12 21:35,3022098769984207831-2609122008-20,RE,RE1,4318,2026-09-12 22:37,2026-09-12 22:49,12,0,8,Rostock Hbf,live
2026-09-12 21:35,2774174590951633862-2609122225-3,ICE,,921,2026-09-12 22:38,2026-09-12 22:39,1,0,14,Hamburg-Altona,live
2026-09-12 21:35,9120432599921369422-2609121723-8,ICE,,574,2026-09-12 22:40,2026-09-12 23:29,49,0,14,Stuttgart Hbf,live
2026-09-12 21:35,4771076639607622367-2609122013-5,,,,2026-09-12 22:40,2026-09-12 23:29,49,0,14,,live
2026-09-12 21:35,-8119704575230013689-2609122133-6,ME,RE4,82000,2026-09-12 22:45,2026-09-12 22:46,1,0,12A-B,Bremen Hbf,live
2026-09-12 21:35,6353778459721582899-2609122216-7,RB,RB81,11387,2026-09-12 22:48,2026-09-12 22:49,1,0,6D-F,Bargteheide,live
2026-09-12 21:35,-339522110090732142-2609122134-10,RE,RE8,11437,2026-09-12 22:53,2026-09-12 22:59,6,0,6A-C,Lübeck-Travemünde Strand,live
2026-09-12 21:35,7468334744528629490-2609121710-10,ICE,,584,2026-09-12 22:57,2026-09-12 22:57,0,0,13,München Hbf,live
2026-09-12 21:35,4456009358061919461-2609121710-10,,,,2026-09-12 22:57,2026-09-12 22:57,0,0,13,,live
2026-09-12 21:35,-4758242349678413284-2609121238-21,,,,2026-09-12 23:16,2026-09-12 23:54,38,0,,,live
2026-09-12 21:35,7793133341080296440-2609130614-6,,,,2026-09-13 09:24,2026-09-13 09:27,3,0,,,live
